id,password,name,location,balance,purchase_type,purchase_amount,purchase_date
1,pass001,User001,California,6225.59,Food,1556.1,7/6/2025
1,pass001,User001,California,6225.59,Housing,1070.81,7/9/2025
1,pass001,User001,California,6225.59,Transport,505.34,7/12/2025
1,pass001,User001,California,6225.59,Housing,1225.52,7/14/2025
1,pass001,User001,California,6225.59,Healthcare,1667.41,7/17/2025
1,pass001,User001,California,6225.59,Food,200.58,7/21/2025
1,pass001,User001,California,6225.59,Entertainment,26.73,7/25/2025
1,pass001,User001,California,6225.59,Food,422.19,7/29/2025
1,pass001,User001,California,6225.59,Entertainment,628.45,8/1/2025
1,pass001,User001,California,6225.59,Food,1768.46,8/3/2025
1,pass001,User001,California,6225.59,Housing,1004.13,8/7/2025
1,pass001,User001,California,6225.59,Housing,1718.34,8/10/2025
1,pass001,User001,California,6225.59,Housing,1434.13,8/13/2025
1,pass001,User001,California,6225.59,Healthcare,638.27,8/18/2025
1,pass001,User001,California,6225.59,Food,262.84,8/20/2025
1,pass001,User001,California,6225.59,Entertainment,1212.27,8/22/2025
1,pass001,User001,California,6225.59,Utilities,1882.81,8/26/2025
1,pass001,User001,California,6225.59,Transport,239.51,8/28/2025
1,pass001,User001,California,6225.59,Housing,1673.38,9/3/2025
1,pass001,User001,California,6225.59,Utilities,656.01,9/5/2025
1,pass001,User001,California,6225.59,Healthcare,1672.29,9/9/2025
1,pass001,User001,California,6225.59,Food,1463.67,9/11/2025
1,pass001,User001,California,6225.59,Healthcare,1022.46,9/14/2025
1,pass001,User001,California,6225.59,Housing,1624.93,9/19/2025
1,pass001,User001,California,6225.59,Entertainment,861.75,9/20/2025
1,pass001,User001,California,6225.59,Utilities,126.85,9/25/2025
2,pass002,User002,Georgia,3303.01,Entertainment,1284.36,7/6/2025
2,pass002,User002,Georgia,3303.01,Healthcare,747.41,7/10/2025
2,pass002,User002,Georgia,3303.01,Food,670.55,7/12/2025
2,pass002,User002,Georgia,3303.01,Entertainment,780.22,7/15/2025
2,pass002,User002,Georgia,3303.01,Food,903.11,7/17/2025
2,pass002,User002,Georgia,3303.01,Food,567.37,7/23/2025
2,pass002,User002,Georgia,3303.01,Utilities,1167.88,7/25/2025
2,pass002,User002,Georgia,3303.01,Healthcare,25.79,7/28/2025
2,pass002,User002,Georgia,3303.01,Transport,533.77,7/31/2025
2,pass002,User002,Georgia,3303.01,Housing,1718.16,8/4/2025
2,pass002,User002,Georgia,3303.01,Food,162.23,8/6/2025
2,pass002,User002,Georgia,3303.01,Entertainment,540.46,8/9/2025
2,pass002,User002,Georgia,3303.01,Entertainment,629.78,8/12/2025
2,pass002,User002,Georgia,3303.01,Utilities,1281.56,8/16/2025
2,pass002,User002,Georgia,3303.01,Food,1895.85,8/21/2025
2,pass002,User002,Georgia,3303.01,Housing,372.85,8/22/2025
2,pass002,User002,Georgia,3303.01,Food,257.69,8/25/2025
2,pass002,User002,Georgia,3303.01,Housing,1101.63,8/29/2025
2,pass002,User002,Georgia,3303.01,Entertainment,813.94,9/1/2025
2,pass002,User002,Georgia,3303.01,Utilities,1408.51,9/5/2025
2,pass002,User002,Georgia,3303.01,Housing,1120.33,9/9/2025
2,pass002,User002,Georgia,3303.01,Healthcare,1368.52,9/12/2025
2,pass002,User002,Georgia,3303.01,Transport,867.56,9/15/2025
2,pass002,User002,Georgia,3303.01,Healthcare,1894.59,9/17/2025
2,pass002,User002,Georgia,3303.01,Food,931.66,9/20/2025
2,pass002,User002,Georgia,3303.01,Healthcare,1720.58,9/25/2025
3,pass003,User003,New York,5640.11,Utilities,1961.21,7/5/2025
3,pass003,User003,New York,5640.11,Transport,1489.92,7/9/2025
3,pass003,User003,New York,5640.11,Housing,558.18,7/13/2025
3,pass003,User003,New York,5640.11,Entertainment,177.55,7/14/2025
3,pass003,User003,New York,5640.11,Food,415.82,7/18/2025
3,pass003,User003,New York,5640.11,Healthcare,978.38,7/21/2025
3,pass003,User003,New York,5640.11,Utilities,750.63,7/25/2025
3,pass003,User003,New York,5640.11,Healthcare,1230.54,7/29/2025
3,pass003,User003,New York,5640.11,Food,301.27,7/30/2025
3,pass003,User003,New York,5640.11,Healthcare,1318.35,8/4/2025
3,pass003,User003,New York,5640.11,Transport,1103.37,8/6/2025
3,pass003,User003,New York,5640.11,Entertainment,200.69,8/10/2025
3,pass003,User003,New York,5640.11,Entertainment,755.99,8/13/2025
3,pass003,User003,New York,5640.11,Food,1839.65,8/16/2025
3,pass003,User003,New York,5640.11,Transport,568.32,8/20/2025
3,pass003,User003,New York,5640.11,Food,719.04,8/23/2025
3,pass003,User003,New York,5640.11,Housing,1663.4,8/26/2025
3,pass003,User003,New York,5640.11,Housing,1447.45,8/29/2025
3,pass003,User003,New York,5640.11,Housing,127.74,9/2/2025
3,pass003,User003,New York,5640.11,Housing,1698.13,9/6/2025
3,pass003,User003,New York,5640.11,Entertainment,1657.66,9/8/2025
3,pass003,User003,New York,5640.11,Transport,797.9,9/11/2025
3,pass003,User003,New York,5640.11,Entertainment,1787.73,9/15/2025
3,pass003,User003,New York,5640.11,Healthcare,845.62,9/18/2025
3,pass003,User003,New York,5640.11,Healthcare,1202.3,9/22/2025
3,pass003,User003,New York,5640.11,Utilities,1886.4,9/24/2025
4,pass004,User004,New York,546.14,Food,821.01,7/6/2025
4,pass004,User004,New York,546.14,Transport,1697.95,7/10/2025
4,pass004,User004,New York,546.14,Utilities,1068.27,7/13/2025
4,pass004,User004,New York,546.14,Transport,107.01,7/14/2025
4,pass004,User004,New York,546.14,Healthcare,1911.34,7/19/2025
4,pass004,User004,New York,546.14,Transport,432.19,7/22/2025
4,pass004,User004,New York,546.14,Healthcare,790.04,7/25/2025
4,pass004,User004,New York,546.14,Healthcare,103.78,7/29/2025
4,pass004,User004,New York,546.14,Transport,1060.11,7/30/2025
4,pass004,User004,New York,546.14,Entertainment,224.7,8/5/2025
4,pass004,User004,New York,546.14,Healthcare,249.91,8/6/2025
4,pass004,User004,New York,546.14,Food,138.69,8/11/2025
4,pass004,User004,New York,546.14,Entertainment,96.05,8/13/2025
4,pass004,User004,New York,546.14,Healthcare,1236.39,8/16/2025
4,pass004,User004,New York,546.14,Food,1206.64,8/20/2025
4,pass004,User004,New York,546.14,Transport,1155.9,8/23/2025
4,pass004,User004,New York,546.14,Entertainment,574.61,8/25/2025
4,pass004,User004,New York,546.14,Food,1153.91,8/30/2025
4,pass004,User004,New York,546.14,Housing,1663.48,9/3/2025
4,pass004,User004,New York,546.14,Food,1573.56,9/6/2025
4,pass004,User004,New York,546.14,Transport,897.43,9/9/2025
4,pass004,User004,New York,546.14,Healthcare,1550.71,9/10/2025
4,pass004,User004,New York,546.14,Food,1936.56,9/16/2025
4,pass004,User004,New York,546.14,Utilities,1800.23,9/19/2025
4,pass004,User004,New York,546.14,Housing,1637.7,9/21/2025
4,pass004,User004,New York,546.14,Food,124.72,9/25/2025
5,pass005,User005,Georgia,2272.35,Entertainment,1568.34,7/6/2025
5,pass005,User005,Georgia,2272.35,Healthcare,180.16,7/9/2025
5,pass005,User005,Georgia,2272.35,Healthcare,1630.66,7/13/2025
5,pass005,User005,Georgia,2272.35,Entertainment,1413.14,7/15/2025
5,pass005,User005,Georgia,2272.35,Housing,1233.41,7/18/2025
5,pass005,User005,Georgia,2272.35,Entertainment,1001.43,7/21/2025
5,pass005,User005,Georgia,2272.35,Housing,1188.1,7/24/2025
5,pass005,User005,Georgia,2272.35,Housing,1108.98,7/27/2025
5,pass005,User005,Georgia,2272.35,Transport,1812.73,7/30/2025
5,pass005,User005,Georgia,2272.35,Healthcare,804.63,8/4/2025
5,pass005,User005,Georgia,2272.35,Housing,49.28,8/8/2025
5,pass005,User005,Georgia,2272.35,Housing,528.97,8/10/2025
5,pass005,User005,Georgia,2272.35,Utilities,1736.57,8/14/2025
5,pass005,User005,Georgia,2272.35,Transport,79.65,8/17/2025
5,pass005,User005,Georgia,2272.35,Food,896.76,8/21/2025
5,pass005,User005,Georgia,2272.35,Housing,1404.63,8/24/2025
5,pass005,User005,Georgia,2272.35,Entertainment,821.11,8/27/2025
5,pass005,User005,Georgia,2272.35,Housing,1980.5,8/28/2025
5,pass005,User005,Georgia,2272.35,Transport,374.3,9/2/2025
5,pass005,User005,Georgia,2272.35,Entertainment,806.06,9/4/2025
5,pass005,User005,Georgia,2272.35,Food,1457.63,9/8/2025
5,pass005,User005,Georgia,2272.35,Entertainment,314.4,9/11/2025
5,pass005,User005,Georgia,2272.35,Entertainment,885.31,9/14/2025
5,pass005,User005,Georgia,2272.35,Housing,1044.51,9/18/2025
5,pass005,User005,Georgia,2272.35,Entertainment,1420.19,9/20/2025
5,pass005,User005,Georgia,2272.35,Healthcare,1008.01,9/23/2025
6,pass006,User006,Georgia,8569.15,Healthcare,173.57,7/7/2025
6,pass006,User006,Georgia,8569.15,Healthcare,1778.7,7/10/2025
6,pass006,User006,Georgia,8569.15,Housing,193.06,7/11/2025
6,pass006,User006,Georgia,8569.15,Housing,188.24,7/16/2025
6,pass006,User006,Georgia,8569.15,Food,1717.23,7/17/2025
6,pass006,User006,Georgia,8569.15,Healthcare,148.16,7/22/2025
6,pass006,User006,Georgia,8569.15,Transport,1364.74,7/25/2025
6,pass006,User006,Georgia,8569.15,Housing,1225.85,7/27/2025
6,pass006,User006,Georgia,8569.15,Food,449.63,8/1/2025
6,pass006,User006,Georgia,8569.15,Healthcare,1845.95,8/5/2025
6,pass006,User006,Georgia,8569.15,Transport,1225.05,8/6/2025
6,pass006,User006,Georgia,8569.15,Transport,1304.44,8/9/2025
6,pass006,User006,Georgia,8569.15,Transport,1545.49,8/14/2025
6,pass006,User006,Georgia,8569.15,Healthcare,1157.62,8/16/2025
6,pass006,User006,Georgia,8569.15,Utilities,568.38,8/20/2025
6,pass006,User006,Georgia,8569.15,Transport,845.03,8/24/2025
6,pass006,User006,Georgia,8569.15,Utilities,1942.23,8/25/2025
6,pass006,User006,Georgia,8569.15,Utilities,209.58,8/30/2025
6,pass006,User006,Georgia,8569.15,Transport,1083.19,9/1/2025
6,pass006,User006,Georgia,8569.15,Transport,26.02,9/5/2025
6,pass006,User006,Georgia,8569.15,Transport,1153.57,9/9/2025
6,pass006,User006,Georgia,8569.15,Housing,1879.4,9/11/2025
6,pass006,User006,Georgia,8569.15,Utilities,1609.52,9/15/2025
6,pass006,User006,Georgia,8569.15,Housing,769.77,9/19/2025
6,pass006,User006,Georgia,8569.15,Transport,1865.22,9/21/2025
6,pass006,User006,Georgia,8569.15,Food,92.45,9/25/2025
7,pass007,User007,Georgia,6192.99,Food,857.59,7/5/2025
7,pass007,User007,Georgia,6192.99,Transport,259.59,7/8/2025
7,pass007,User007,Georgia,6192.99,Food,896.89,7/12/2025
7,pass007,User007,Georgia,6192.99,Housing,729.02,7/14/2025
7,pass007,User007,Georgia,6192.99,Housing,119.91,7/18/2025
7,pass007,User007,Georgia,6192.99,Utilities,183.59,7/23/2025
7,pass007,User007,Georgia,6192.99,Utilities,1107.95,7/26/2025
7,pass007,User007,Georgia,6192.99,Transport,373.96,7/27/2025
7,pass007,User007,Georgia,6192.99,Housing,1106.92,7/31/2025
7,pass007,User007,Georgia,6192.99,Transport,1669.08,8/5/2025
7,pass007,User007,Georgia,6192.99,Transport,1348.33,8/6/2025
7,pass007,User007,Georgia,6192.99,Healthcare,1241.96,8/10/2025
7,pass007,User007,Georgia,6192.99,Entertainment,895.57,8/14/2025
7,pass007,User007,Georgia,6192.99,Entertainment,934.87,8/17/2025
7,pass007,User007,Georgia,6192.99,Utilities,1908.43,8/20/2025
7,pass007,User007,Georgia,6192.99,Housing,1398.48,8/22/2025
7,pass007,User007,Georgia,6192.99,Food,1203.86,8/25/2025
7,pass007,User007,Georgia,6192.99,Utilities,1013.6,8/28/2025
7,pass007,User007,Georgia,6192.99,Entertainment,1175.5,9/3/2025
7,pass007,User007,Georgia,6192.99,Healthcare,1510.88,9/6/2025
7,pass007,User007,Georgia,6192.99,Food,1307.81,9/9/2025
7,pass007,User007,Georgia,6192.99,Transport,1803.52,9/12/2025
7,pass007,User007,Georgia,6192.99,Housing,161.92,9/16/2025
7,pass007,User007,Georgia,6192.99,Healthcare,428.06,9/17/2025
7,pass007,User007,Georgia,6192.99,Transport,978.96,9/21/2025
7,pass007,User007,Georgia,6192.99,Entertainment,840.78,9/24/2025
8,pass008,User008,Georgia,898.3,Food,146.51,7/5/2025
8,pass008,User008,Georgia,898.3,Healthcare,961.96,7/10/2025
8,pass008,User008,Georgia,898.3,Housing,148.2,7/13/2025
8,pass008,User008,Georgia,898.3,Food,797.13,7/15/2025
8,pass008,User008,Georgia,898.3,Entertainment,1230.31,7/18/2025
8,pass008,User008,Georgia,898.3,Housing,558.6,7/21/2025
8,pass008,User008,Georgia,898.3,Food,1402.57,7/24/2025
8,pass008,User008,Georgia,898.3,Housing,41.57,7/28/2025
8,pass008,User008,Georgia,898.3,Transport,1749.65,7/30/2025
8,pass008,User008,Georgia,898.3,Entertainment,1724.15,8/4/2025
8,pass008,User008,Georgia,898.3,Entertainment,1836.85,8/8/2025
8,pass008,User008,Georgia,898.3,Utilities,160.32,8/11/2025
8,pass008,User008,Georgia,898.3,Transport,1198.59,8/13/2025
8,pass008,User008,Georgia,898.3,Entertainment,1758.47,8/16/2025
8,pass008,User008,Georgia,898.3,Housing,148.43,8/21/2025
8,pass008,User008,Georgia,898.3,Utilities,233.83,8/24/2025
8,pass008,User008,Georgia,898.3,Healthcare,631.07,8/26/2025
8,pass008,User008,Georgia,898.3,Transport,1723.31,8/29/2025
8,pass008,User008,Georgia,898.3,Healthcare,992.42,9/1/2025
8,pass008,User008,Georgia,898.3,Transport,688.29,9/5/2025
8,pass008,User008,Georgia,898.3,Food,1609.65,9/9/2025
8,pass008,User008,Georgia,898.3,Entertainment,195.31,9/12/2025
8,pass008,User008,Georgia,898.3,Utilities,699.24,9/16/2025
8,pass008,User008,Georgia,898.3,Food,361.57,9/17/2025
8,pass008,User008,Georgia,898.3,Healthcare,1810.87,9/20/2025
8,pass008,User008,Georgia,898.3,Healthcare,1195.77,9/23/2025
9,pass009,User009,New York,1775.52,Entertainment,1390.08,7/7/2025
9,pass009,User009,New York,1775.52,Utilities,1557.79,7/9/2025
9,pass009,User009,New York,1775.52,Healthcare,1848.46,7/11/2025
9,pass009,User009,New York,1775.52,Housing,1236.73,7/15/2025
9,pass009,User009,New York,1775.52,Healthcare,789.14,7/18/2025
9,pass009,User009,New York,1775.52,Housing,563.41,7/21/2025
9,pass009,User009,New York,1775.52,Transport,1226.7,7/25/2025
9,pass009,User009,New York,1775.52,Healthcare,1555.17,7/29/2025
9,pass009,User009,New York,1775.52,Housing,752.26,7/30/2025
9,pass009,User009,New York,1775.52,Transport,159.27,8/3/2025
9,pass009,User009,New York,1775.52,Utilities,44.65,8/7/2025
9,pass009,User009,New York,1775.52,Entertainment,1404.92,8/9/2025
9,pass009,User009,New York,1775.52,Healthcare,725.16,8/13/2025
9,pass009,User009,New York,1775.52,Utilities,1102.97,8/17/2025
9,pass009,User009,New York,1775.52,Transport,749.07,8/20/2025
9,pass009,User009,New York,1775.52,Food,205.84,8/23/2025
9,pass009,User009,New York,1775.52,Healthcare,1675.54,8/27/2025
9,pass009,User009,New York,1775.52,Utilities,298.92,8/30/2025
9,pass009,User009,New York,1775.52,Healthcare,67.48,9/1/2025
9,pass009,User009,New York,1775.52,Transport,485.29,9/6/2025
9,pass009,User009,New York,1775.52,Healthcare,1668.26,9/8/2025
9,pass009,User009,New York,1775.52,Entertainment,1775.86,9/10/2025
9,pass009,User009,New York,1775.52,Transport,1665.44,9/15/2025
9,pass009,User009,New York,1775.52,Entertainment,804.37,9/18/2025
9,pass009,User009,New York,1775.52,Entertainment,1603.77,9/22/2025
9,pass009,User009,New York,1775.52,Food,523.01,9/23/2025
10,pass010,User010,New York,8217.97,Utilities,499.43,7/7/2025
10,pass010,User010,New York,8217.97,Utilities,287.37,7/8/2025
10,pass010,User010,New York,8217.97,Housing,1942.91,7/12/2025
10,pass010,User010,New York,8217.97,Entertainment,1250.89,7/14/2025
10,pass010,User010,New York,8217.97,Housing,920.74,7/18/2025
10,pass010,User010,New York,8217.97,Housing,528.1,7/21/2025
10,pass010,User010,New York,8217.97,Utilities,1856.4,7/26/2025
10,pass010,User010,New York,8217.97,Entertainment,1310.66,7/28/2025
10,pass010,User010,New York,8217.97,Transport,68.5,8/1/2025
10,pass010,User010,New York,8217.97,Food,126.47,8/4/2025
10,pass010,User010,New York,8217.97,Healthcare,1147.56,8/7/2025
10,pass010,User010,New York,8217.97,Food,1369.48,8/10/2025
10,pass010,User010,New York,8217.97,Utilities,1359.38,8/13/2025
10,pass010,User010,New York,8217.97,Healthcare,796.8,8/17/2025
10,pass010,User010,New York,8217.97,Food,1165.23,8/20/2025
10,pass010,User010,New York,8217.97,Transport,262.95,8/23/2025
10,pass010,User010,New York,8217.97,Housing,628.86,8/26/2025
10,pass010,User010,New York,8217.97,Food,1429.79,8/28/2025
10,pass010,User010,New York,8217.97,Transport,1979.23,9/2/2025
10,pass010,User010,New York,8217.97,Food,1179.25,9/5/2025
10,pass010,User010,New York,8217.97,Food,1113.06,9/8/2025
10,pass010,User010,New York,8217.97,Healthcare,1816.62,9/11/2025
10,pass010,User010,New York,8217.97,Healthcare,305.31,9/15/2025
10,pass010,User010,New York,8217.97,Housing,1070.02,9/17/2025
10,pass010,User010,New York,8217.97,Utilities,1277.02,9/20/2025
10,pass010,User010,New York,8217.97,Healthcare,493.47,9/23/2025
11,pass011,User011,Georgia,4476.04,Food,292.46,7/5/2025
11,pass011,User011,Georgia,4476.04,Entertainment,1898.07,7/10/2025
11,pass011,User011,Georgia,4476.04,Transport,1162.83,7/11/2025
11,pass011,User011,Georgia,4476.04,Entertainment,1159.24,7/14/2025
11,pass011,User011,Georgia,4476.04,Utilities,1861.22,7/17/2025
11,pass011,User011,Georgia,4476.04,Food,1352.54,7/22/2025
11,pass011,User011,Georgia,4476.04,Healthcare,1719.27,7/25/2025
11,pass011,User011,Georgia,4476.04,Housing,485.3,7/28/2025
11,pass011,User011,Georgia,4476.04,Entertainment,1854.29,8/1/2025
11,pass011,User011,Georgia,4476.04,Food,1058.1,8/3/2025
11,pass011,User011,Georgia,4476.04,Transport,304.17,8/7/2025
11,pass011,User011,Georgia,4476.04,Entertainment,957.71,8/11/2025
11,pass011,User011,Georgia,4476.04,Transport,613.46,8/14/2025
11,pass011,User011,Georgia,4476.04,Housing,177.05,8/18/2025
11,pass011,User011,Georgia,4476.04,Transport,1945.09,8/19/2025
11,pass011,User011,Georgia,4476.04,Entertainment,721.55,8/22/2025
11,pass011,User011,Georgia,4476.04,Healthcare,525.33,8/27/2025
11,pass011,User011,Georgia,4476.04,Transport,1623.07,8/28/2025
11,pass011,User011,Georgia,4476.04,Transport,289.18,9/2/2025
11,pass011,User011,Georgia,4476.04,Entertainment,260.06,9/4/2025
11,pass011,User011,Georgia,4476.04,Food,1812.94,9/7/2025
11,pass011,User011,Georgia,4476.04,Transport,895.42,9/11/2025
11,pass011,User011,Georgia,4476.04,Transport,1315.89,9/15/2025
11,pass011,User011,Georgia,4476.04,Entertainment,1343.42,9/17/2025
11,pass011,User011,Georgia,4476.04,Utilities,1813.43,9/20/2025
11,pass011,User011,Georgia,4476.04,Utilities,1287.48,9/25/2025
12,pass012,User012,Florida,9719.06,Entertainment,1300.98,7/5/2025
12,pass012,User012,Florida,9719.06,Entertainment,512.18,7/10/2025
12,pass012,User012,Florida,9719.06,Utilities,1704.36,7/11/2025
12,pass012,User012,Florida,9719.06,Transport,594.11,7/16/2025
12,pass012,User012,Florida,9719.06,Housing,1444.65,7/17/2025
12,pass012,User012,Florida,9719.06,Healthcare,445.85,7/22/2025
12,pass012,User012,Florida,9719.06,Transport,816.1,7/24/2025
12,pass012,User012,Florida,9719.06,Food,485.2,7/27/2025
12,pass012,User012,Florida,9719.06,Food,491.85,7/30/2025
12,pass012,User012,Florida,9719.06,Housing,1088.68,8/3/2025
12,pass012,User012,Florida,9719.06,Food,1397.58,8/7/2025
12,pass012,User012,Florida,9719.06,Transport,471.14,8/10/2025
12,pass012,User012,Florida,9719.06,Transport,1034.37,8/13/2025
12,pass012,User012,Florida,9719.06,Food,771.32,8/18/2025
12,pass012,User012,Florida,9719.06,Utilities,670.98,8/20/2025
12,pass012,User012,Florida,9719.06,Food,502.46,8/24/2025
12,pass012,User012,Florida,9719.06,Housing,1737.73,8/26/2025
12,pass012,User012,Florida,9719.06,Transport,364.82,8/28/2025
12,pass012,User012,Florida,9719.06,Healthcare,451.93,9/2/2025
12,pass012,User012,Florida,9719.06,Utilities,477.58,9/5/2025
12,pass012,User012,Florida,9719.06,Food,1141.24,9/9/2025
12,pass012,User012,Florida,9719.06,Entertainment,93.25,9/12/2025
12,pass012,User012,Florida,9719.06,Housing,1214.05,9/16/2025
12,pass012,User012,Florida,9719.06,Entertainment,185.97,9/18/2025
12,pass012,User012,Florida,9719.06,Transport,1349.19,9/21/2025
12,pass012,User012,Florida,9719.06,Transport,1832.99,9/23/2025
13,pass013,User013,California,3699.98,Transport,851.05,7/7/2025
13,pass013,User013,California,3699.98,Entertainment,313.67,7/8/2025
13,pass013,User013,California,3699.98,Transport,1611.64,7/12/2025
13,pass013,User013,California,3699.98,Entertainment,62.98,7/15/2025
13,pass013,User013,California,3699.98,Entertainment,771.78,7/19/2025
13,pass013,User013,California,3699.98,Transport,534.36,7/22/2025
13,pass013,User013,California,3699.98,Entertainment,338.99,7/26/2025
13,pass013,User013,California,3699.98,Entertainment,25.31,7/29/2025
13,pass013,User013,California,3699.98,Housing,480.67,7/30/2025
13,pass013,User013,California,3699.98,Entertainment,1893.02,8/4/2025
13,pass013,User013,California,3699.98,Food,760.92,8/7/2025
13,pass013,User013,California,3699.98,Transport,953.66,8/11/2025
13,pass013,User013,California,3699.98,Transport,309.94,8/12/2025
13,pass013,User013,California,3699.98,Healthcare,543.88,8/18/2025
13,pass013,User013,California,3699.98,Transport,1148.85,8/19/2025
13,pass013,User013,California,3699.98,Food,904.39,8/22/2025
13,pass013,User013,California,3699.98,Housing,803.45,8/25/2025
13,pass013,User013,California,3699.98,Transport,620.07,8/28/2025
13,pass013,User013,California,3699.98,Healthcare,343.24,9/2/2025
13,pass013,User013,California,3699.98,Food,1603.83,9/5/2025
13,pass013,User013,California,3699.98,Utilities,171.67,9/9/2025
13,pass013,User013,California,3699.98,Food,639.15,9/12/2025
13,pass013,User013,California,3699.98,Transport,876.66,9/14/2025
13,pass013,User013,California,3699.98,Transport,635.32,9/18/2025
13,pass013,User013,California,3699.98,Healthcare,891.29,9/21/2025
13,pass013,User013,California,3699.98,Transport,204.48,9/23/2025
14,pass014,User014,New York,910.17,Housing,1290.4,7/7/2025
14,pass014,User014,New York,910.17,Entertainment,667,7/9/2025
14,pass014,User014,New York,910.17,Entertainment,1337.17,7/13/2025
14,pass014,User014,New York,910.17,Utilities,294.36,7/15/2025
14,pass014,User014,New York,910.17,Healthcare,1892.3,7/19/2025
14,pass014,User014,New York,910.17,Entertainment,1743.91,7/23/2025
14,pass014,User014,New York,910.17,Housing,458.54,7/24/2025
14,pass014,User014,New York,910.17,Transport,109.46,7/27/2025
14,pass014,User014,New York,910.17,Food,147.84,7/30/2025
14,pass014,User014,New York,910.17,Food,1789.44,8/3/2025
14,pass014,User014,New York,910.17,Housing,566.55,8/8/2025
14,pass014,User014,New York,910.17,Food,1648.92,8/11/2025
14,pass014,User014,New York,910.17,Transport,535.45,8/12/2025
14,pass014,User014,New York,910.17,Housing,1048.32,8/16/2025
14,pass014,User014,New York,910.17,Utilities,1783.52,8/21/2025
14,pass014,User014,New York,910.17,Food,1510.91,8/22/2025
14,pass014,User014,New York,910.17,Utilities,1572.67,8/26/2025
14,pass014,User014,New York,910.17,Transport,1674.19,8/29/2025
14,pass014,User014,New York,910.17,Utilities,262.9,9/2/2025
14,pass014,User014,New York,910.17,Food,1756.22,9/4/2025
14,pass014,User014,New York,910.17,Entertainment,1205.83,9/8/2025
14,pass014,User014,New York,910.17,Housing,61.44,9/10/2025
14,pass014,User014,New York,910.17,Food,1385.1,9/15/2025
14,pass014,User014,New York,910.17,Food,1091.67,9/17/2025
14,pass014,User014,New York,910.17,Healthcare,1859.47,9/20/2025
14,pass014,User014,New York,910.17,Utilities,408.33,9/23/2025
15,pass015,User015,Georgia,4952.22,Housing,1905.69,7/5/2025
15,pass015,User015,Georgia,4952.22,Food,1449.54,7/8/2025
15,pass015,User015,Georgia,4952.22,Healthcare,337.35,7/11/2025
15,pass015,User015,Georgia,4952.22,Utilities,1885.56,7/16/2025
15,pass015,User015,Georgia,4952.22,Food,496.34,7/19/2025
15,pass015,User015,Georgia,4952.22,Healthcare,879,7/23/2025
15,pass015,User015,Georgia,4952.22,Healthcare,1294.65,7/24/2025
15,pass015,User015,Georgia,4952.22,Entertainment,180.82,7/28/2025
15,pass015,User015,Georgia,4952.22,Healthcare,453.4,7/31/2025
15,pass015,User015,Georgia,4952.22,Food,672.97,8/4/2025
15,pass015,User015,Georgia,4952.22,Housing,551.58,8/8/2025
15,pass015,User015,Georgia,4952.22,Food,1695.72,8/11/2025
15,pass015,User015,Georgia,4952.22,Entertainment,309.25,8/12/2025
15,pass015,User015,Georgia,4952.22,Healthcare,979.45,8/18/2025
15,pass015,User015,Georgia,4952.22,Food,906.24,8/20/2025
15,pass015,User015,Georgia,4952.22,Entertainment,987.8,8/24/2025
15,pass015,User015,Georgia,4952.22,Healthcare,634.46,8/25/2025
15,pass015,User015,Georgia,4952.22,Transport,1882.26,8/29/2025
15,pass015,User015,Georgia,4952.22,Utilities,1248.95,9/3/2025
15,pass015,User015,Georgia,4952.22,Housing,1557.56,9/5/2025
15,pass015,User015,Georgia,4952.22,Entertainment,1360.07,9/9/2025
15,pass015,User015,Georgia,4952.22,Healthcare,1728.44,9/10/2025
15,pass015,User015,Georgia,4952.22,Healthcare,1226.48,9/16/2025
15,pass015,User015,Georgia,4952.22,Utilities,422.06,9/19/2025
15,pass015,User015,Georgia,4952.22,Food,1803.67,9/22/2025
15,pass015,User015,Georgia,4952.22,Entertainment,1605.9,9/24/2025
16,pass016,User016,Georgia,9047.35,Transport,1264.66,7/6/2025
16,pass016,User016,Georgia,9047.35,Entertainment,1221.82,7/10/2025
16,pass016,User016,Georgia,9047.35,Utilities,1599.18,7/12/2025
16,pass016,User016,Georgia,9047.35,Transport,1104.48,7/16/2025
16,pass016,User016,Georgia,9047.35,Transport,593.24,7/19/2025
16,pass016,User016,Georgia,9047.35,Food,592.76,7/22/2025
16,pass016,User016,Georgia,9047.35,Utilities,230.69,7/25/2025
16,pass016,User016,Georgia,9047.35,Utilities,1169.41,7/28/2025
16,pass016,User016,Georgia,9047.35,Healthcare,1551.99,8/1/2025
16,pass016,User016,Georgia,9047.35,Entertainment,120.96,8/4/2025
16,pass016,User016,Georgia,9047.35,Healthcare,1122.31,8/8/2025
16,pass016,User016,Georgia,9047.35,Transport,1066.04,8/11/2025
16,pass016,User016,Georgia,9047.35,Housing,142.04,8/13/2025
16,pass016,User016,Georgia,9047.35,Transport,1515.87,8/18/2025
16,pass016,User016,Georgia,9047.35,Utilities,286.01,8/21/2025
16,pass016,User016,Georgia,9047.35,Housing,1295.81,8/22/2025
16,pass016,User016,Georgia,9047.35,Food,1755.78,8/26/2025
16,pass016,User016,Georgia,9047.35,Food,903.31,8/28/2025
16,pass016,User016,Georgia,9047.35,Housing,353.49,9/3/2025
16,pass016,User016,Georgia,9047.35,Transport,1793.83,9/6/2025
16,pass016,User016,Georgia,9047.35,Healthcare,1644.47,9/7/2025
16,pass016,User016,Georgia,9047.35,Transport,476.39,9/10/2025
16,pass016,User016,Georgia,9047.35,Utilities,1802.45,9/14/2025
16,pass016,User016,Georgia,9047.35,Food,355.38,9/17/2025
16,pass016,User016,Georgia,9047.35,Entertainment,1480.29,9/20/2025
16,pass016,User016,Georgia,9047.35,Entertainment,930.02,9/23/2025
17,pass017,User017,Georgia,3273.93,Food,116.13,7/7/2025
17,pass017,User017,Georgia,3273.93,Housing,1904.84,7/10/2025
17,pass017,User017,Georgia,3273.93,Transport,1392.39,7/12/2025
17,pass017,User017,Georgia,3273.93,Housing,1961.2,7/14/2025
17,pass017,User017,Georgia,3273.93,Utilities,671.16,7/18/2025
17,pass017,User017,Georgia,3273.93,Entertainment,352.06,7/22/2025
17,pass017,User017,Georgia,3273.93,Utilities,1075.18,7/24/2025
17,pass017,User017,Georgia,3273.93,Entertainment,1430.13,7/29/2025
17,pass017,User017,Georgia,3273.93,Entertainment,515.67,7/30/2025
17,pass017,User017,Georgia,3273.93,Transport,745.48,8/4/2025
17,pass017,User017,Georgia,3273.93,Healthcare,684.14,8/7/2025
17,pass017,User017,Georgia,3273.93,Healthcare,520.56,8/10/2025
17,pass017,User017,Georgia,3273.93,Transport,1274.91,8/12/2025
17,pass017,User017,Georgia,3273.93,Transport,870.19,8/17/2025
17,pass017,User017,Georgia,3273.93,Entertainment,1858.33,8/19/2025
17,pass017,User017,Georgia,3273.93,Food,1511.28,8/24/2025
17,pass017,User017,Georgia,3273.93,Food,144.58,8/25/2025
17,pass017,User017,Georgia,3273.93,Entertainment,728.91,8/30/2025
17,pass017,User017,Georgia,3273.93,Entertainment,1038.47,9/1/2025
17,pass017,User017,Georgia,3273.93,Transport,627.84,9/4/2025
17,pass017,User017,Georgia,3273.93,Entertainment,1487.42,9/8/2025
17,pass017,User017,Georgia,3273.93,Entertainment,1888.69,9/12/2025
17,pass017,User017,Georgia,3273.93,Utilities,1252.46,9/15/2025
17,pass017,User017,Georgia,3273.93,Transport,207.86,9/18/2025
17,pass017,User017,Georgia,3273.93,Housing,1479.18,9/22/2025
17,pass017,User017,Georgia,3273.93,Healthcare,785.32,9/25/2025
18,pass018,User018,Florida,3876.83,Transport,1545.22,7/6/2025
18,pass018,User018,Florida,3876.83,Utilities,1759.97,7/8/2025
18,pass018,User018,Florida,3876.83,Transport,540.14,7/13/2025
18,pass018,User018,Florida,3876.83,Utilities,1404.04,7/15/2025
18,pass018,User018,Florida,3876.83,Housing,812.59,7/19/2025
18,pass018,User018,Florida,3876.83,Food,543.72,7/21/2025
18,pass018,User018,Florida,3876.83,Healthcare,228.37,7/25/2025
18,pass018,User018,Florida,3876.83,Food,821.12,7/27/2025
18,pass018,User018,Florida,3876.83,Food,125,7/31/2025
18,pass018,User018,Florida,3876.83,Entertainment,654.72,8/3/2025
18,pass018,User018,Florida,3876.83,Healthcare,1226.02,8/7/2025
18,pass018,User018,Florida,3876.83,Healthcare,919.94,8/9/2025
18,pass018,User018,Florida,3876.83,Housing,1158.25,8/14/2025
18,pass018,User018,Florida,3876.83,Entertainment,1988.43,8/16/2025
18,pass018,User018,Florida,3876.83,Utilities,1340.84,8/21/2025
18,pass018,User018,Florida,3876.83,Entertainment,1308.76,8/24/2025
18,pass018,User018,Florida,3876.83,Utilities,333.04,8/26/2025
18,pass018,User018,Florida,3876.83,Housing,800.53,8/30/2025
18,pass018,User018,Florida,3876.83,Healthcare,261.68,9/1/2025
18,pass018,User018,Florida,3876.83,Utilities,862.37,9/4/2025
18,pass018,User018,Florida,3876.83,Housing,208.73,9/8/2025
18,pass018,User018,Florida,3876.83,Housing,1628.49,9/12/2025
18,pass018,User018,Florida,3876.83,Utilities,1176.71,9/15/2025
18,pass018,User018,Florida,3876.83,Food,1934.35,9/19/2025
18,pass018,User018,Florida,3876.83,Housing,707.45,9/21/2025
18,pass018,User018,Florida,3876.83,Transport,1543.4,9/24/2025
19,pass019,User019,California,2682.74,Housing,1666.04,7/7/2025
19,pass019,User019,California,2682.74,Transport,1178.9,7/10/2025
19,pass019,User019,California,2682.74,Housing,940.6,7/13/2025
19,pass019,User019,California,2682.74,Utilities,1924.16,7/14/2025
19,pass019,User019,California,2682.74,Housing,1686.87,7/19/2025
19,pass019,User019,California,2682.74,Housing,170.84,7/21/2025
19,pass019,User019,California,2682.74,Housing,1922.6,7/25/2025
19,pass019,User019,California,2682.74,Food,127.71,7/29/2025
19,pass019,User019,California,2682.74,Transport,379,8/1/2025
19,pass019,User019,California,2682.74,Food,928.84,8/5/2025
19,pass019,User019,California,2682.74,Utilities,472.05,8/7/2025
19,pass019,User019,California,2682.74,Housing,1322.5,8/10/2025
19,pass019,User019,California,2682.74,Healthcare,1668.27,8/14/2025
19,pass019,User019,California,2682.74,Utilities,1670.73,8/17/2025
19,pass019,User019,California,2682.74,Healthcare,1163.58,8/20/2025
19,pass019,User019,California,2682.74,Healthcare,1212.28,8/24/2025
19,pass019,User019,California,2682.74,Transport,782.23,8/25/2025
19,pass019,User019,California,2682.74,Entertainment,1553.75,8/28/2025
19,pass019,User019,California,2682.74,Food,352.74,9/2/2025
19,pass019,User019,California,2682.74,Entertainment,397.69,9/5/2025
19,pass019,User019,California,2682.74,Food,1001.55,9/9/2025
19,pass019,User019,California,2682.74,Housing,142.34,9/10/2025
19,pass019,User019,California,2682.74,Housing,855.08,9/16/2025
19,pass019,User019,California,2682.74,Housing,1978.62,9/17/2025
19,pass019,User019,California,2682.74,Housing,285.48,9/20/2025
19,pass019,User019,California,2682.74,Food,699.14,9/24/2025
20,pass020,User020,Georgia,1923.11,Utilities,974.73,7/7/2025
20,pass020,User020,Georgia,1923.11,Healthcare,396.28,7/8/2025
20,pass020,User020,Georgia,1923.11,Entertainment,238.86,7/12/2025
20,pass020,User020,Georgia,1923.11,Utilities,770.44,7/14/2025
20,pass020,User020,Georgia,1923.11,Entertainment,954.91,7/18/2025
20,pass020,User020,Georgia,1923.11,Entertainment,959.34,7/23/2025
20,pass020,User020,Georgia,1923.11,Transport,258.51,7/26/2025
20,pass020,User020,Georgia,1923.11,Entertainment,1586.38,7/29/2025
20,pass020,User020,Georgia,1923.11,Healthcare,780.62,7/31/2025
20,pass020,User020,Georgia,1923.11,Entertainment,1720.77,8/3/2025
20,pass020,User020,Georgia,1923.11,Entertainment,1395.11,8/7/2025
20,pass020,User020,Georgia,1923.11,Entertainment,687.69,8/9/2025
20,pass020,User020,Georgia,1923.11,Entertainment,1120.24,8/13/2025
20,pass020,User020,Georgia,1923.11,Transport,263.56,8/17/2025
20,pass020,User020,Georgia,1923.11,Healthcare,656.43,8/19/2025
20,pass020,User020,Georgia,1923.11,Entertainment,699.43,8/22/2025
20,pass020,User020,Georgia,1923.11,Utilities,617,8/26/2025
20,pass020,User020,Georgia,1923.11,Housing,1276.81,8/29/2025
20,pass020,User020,Georgia,1923.11,Food,463.74,9/2/2025
20,pass020,User020,Georgia,1923.11,Food,890.75,9/6/2025
20,pass020,User020,Georgia,1923.11,Food,628.64,9/9/2025
20,pass020,User020,Georgia,1923.11,Healthcare,518.62,9/12/2025
20,pass020,User020,Georgia,1923.11,Utilities,176.18,9/15/2025
20,pass020,User020,Georgia,1923.11,Healthcare,1507.59,9/19/2025
20,pass020,User020,Georgia,1923.11,Healthcare,758.66,9/20/2025
20,pass020,User020,Georgia,1923.11,Utilities,973.29,9/23/2025
21,pass021,User021,California,7133.42,Healthcare,770.13,7/6/2025
21,pass021,User021,California,7133.42,Healthcare,1379.42,7/8/2025
21,pass021,User021,California,7133.42,Transport,1994.45,7/13/2025
21,pass021,User021,California,7133.42,Healthcare,730.57,7/14/2025
21,pass021,User021,California,7133.42,Food,536.58,7/17/2025
21,pass021,User021,California,7133.42,Housing,891.43,7/23/2025
21,pass021,User021,California,7133.42,Healthcare,250.44,7/26/2025
21,pass021,User021,California,7133.42,Entertainment,1334.05,7/27/2025
21,pass021,User021,California,7133.42,Food,103.96,7/30/2025
21,pass021,User021,California,7133.42,Transport,984.98,8/4/2025
21,pass021,User021,California,7133.42,Transport,190.27,8/7/2025
21,pass021,User021,California,7133.42,Food,1388.1,8/10/2025
21,pass021,User021,California,7133.42,Utilities,1330.85,8/13/2025
21,pass021,User021,California,7133.42,Healthcare,114.22,8/16/2025
21,pass021,User021,California,7133.42,Entertainment,1568.57,8/20/2025
21,pass021,User021,California,7133.42,Utilities,1351.43,8/22/2025
21,pass021,User021,California,7133.42,Housing,565.57,8/25/2025
21,pass021,User021,California,7133.42,Housing,1681.91,8/30/2025
21,pass021,User021,California,7133.42,Food,220.72,9/2/2025
21,pass021,User021,California,7133.42,Entertainment,1338,9/4/2025
21,pass021,User021,California,7133.42,Entertainment,822.54,9/9/2025
21,pass021,User021,California,7133.42,Healthcare,292,9/10/2025
21,pass021,User021,California,7133.42,Transport,105.03,9/14/2025
21,pass021,User021,California,7133.42,Transport,258.98,9/17/2025
21,pass021,User021,California,7133.42,Housing,649.54,9/22/2025
21,pass021,User021,California,7133.42,Food,1865.43,9/23/2025
22,pass022,User022,Georgia,6733.56,Transport,455.97,7/7/2025
22,pass022,User022,Georgia,6733.56,Utilities,360.94,7/10/2025
22,pass022,User022,Georgia,6733.56,Entertainment,754.2,7/13/2025
22,pass022,User022,Georgia,6733.56,Healthcare,1300.77,7/16/2025
22,pass022,User022,Georgia,6733.56,Housing,242.04,7/19/2025
22,pass022,User022,Georgia,6733.56,Healthcare,1922.96,7/22/2025
22,pass022,User022,Georgia,6733.56,Transport,75.37,7/26/2025
22,pass022,User022,Georgia,6733.56,Transport,667.2,7/28/2025
22,pass022,User022,Georgia,6733.56,Entertainment,1472.44,7/30/2025
22,pass022,User022,Georgia,6733.56,Transport,1911.39,8/4/2025
22,pass022,User022,Georgia,6733.56,Food,780.95,8/6/2025
22,pass022,User022,Georgia,6733.56,Housing,1822.35,8/11/2025
22,pass022,User022,Georgia,6733.56,Food,436.6,8/13/2025
22,pass022,User022,Georgia,6733.56,Food,1721.12,8/17/2025
22,pass022,User022,Georgia,6733.56,Food,838.13,8/20/2025
22,pass022,User022,Georgia,6733.56,Housing,455.87,8/24/2025
22,pass022,User022,Georgia,6733.56,Healthcare,845.07,8/27/2025
22,pass022,User022,Georgia,6733.56,Food,1944.77,8/28/2025
22,pass022,User022,Georgia,6733.56,Entertainment,1833.91,9/3/2025
22,pass022,User022,Georgia,6733.56,Utilities,931.7,9/6/2025
22,pass022,User022,Georgia,6733.56,Healthcare,1354.56,9/7/2025
22,pass022,User022,Georgia,6733.56,Entertainment,57.75,9/12/2025
22,pass022,User022,Georgia,6733.56,Housing,1664.7,9/16/2025
22,pass022,User022,Georgia,6733.56,Housing,941.94,9/19/2025
22,pass022,User022,Georgia,6733.56,Healthcare,1598.79,9/20/2025
22,pass022,User022,Georgia,6733.56,Utilities,1515.58,9/23/2025
23,pass023,User023,Florida,9395.66,Transport,1080.03,7/5/2025
23,pass023,User023,Florida,9395.66,Healthcare,1389.61,7/10/2025
23,pass023,User023,Florida,9395.66,Transport,1138.17,7/12/2025
23,pass023,User023,Florida,9395.66,Healthcare,1497.41,7/15/2025
23,pass023,User023,Florida,9395.66,Food,1365.8,7/18/2025
23,pass023,User023,Florida,9395.66,Healthcare,728.02,7/23/2025
23,pass023,User023,Florida,9395.66,Transport,1522.17,7/26/2025
23,pass023,User023,Florida,9395.66,Utilities,1706.35,7/27/2025
23,pass023,User023,Florida,9395.66,Entertainment,981.62,8/1/2025
23,pass023,User023,Florida,9395.66,Entertainment,23.82,8/4/2025
23,pass023,User023,Florida,9395.66,Housing,1426.86,8/7/2025
23,pass023,User023,Florida,9395.66,Food,257.36,8/9/2025
23,pass023,User023,Florida,9395.66,Healthcare,1350.76,8/12/2025
23,pass023,User023,Florida,9395.66,Transport,171.45,8/17/2025
23,pass023,User023,Florida,9395.66,Utilities,828.49,8/20/2025
23,pass023,User023,Florida,9395.66,Housing,222.14,8/23/2025
23,pass023,User023,Florida,9395.66,Entertainment,669.3,8/25/2025
23,pass023,User023,Florida,9395.66,Housing,961.08,8/29/2025
23,pass023,User023,Florida,9395.66,Entertainment,920.46,9/1/2025
23,pass023,User023,Florida,9395.66,Healthcare,1565.72,9/5/2025
23,pass023,User023,Florida,9395.66,Utilities,1991.3,9/9/2025
23,pass023,User023,Florida,9395.66,Utilities,1417.27,9/11/2025
23,pass023,User023,Florida,9395.66,Entertainment,509.37,9/16/2025
23,pass023,User023,Florida,9395.66,Housing,195.36,9/17/2025
23,pass023,User023,Florida,9395.66,Housing,1609.9,9/20/2025
23,pass023,User023,Florida,9395.66,Transport,994.49,9/25/2025
24,pass024,User024,California,9250.51,Housing,1657.13,7/6/2025
24,pass024,User024,California,9250.51,Entertainment,1213.56,7/10/2025
24,pass024,User024,California,9250.51,Food,49.29,7/13/2025
24,pass024,User024,California,9250.51,Transport,341.12,7/15/2025
24,pass024,User024,California,9250.51,Food,53.49,7/19/2025
24,pass024,User024,California,9250.51,Entertainment,729.94,7/23/2025
24,pass024,User024,California,9250.51,Entertainment,871.71,7/25/2025
24,pass024,User024,California,9250.51,Housing,1872.62,7/28/2025
24,pass024,User024,California,9250.51,Housing,1705.19,7/31/2025
24,pass024,User024,California,9250.51,Entertainment,1674.5,8/3/2025
24,pass024,User024,California,9250.51,Healthcare,706.38,8/7/2025
24,pass024,User024,California,9250.51,Utilities,1978.8,8/11/2025
24,pass024,User024,California,9250.51,Housing,1578.28,8/13/2025
24,pass024,User024,California,9250.51,Healthcare,794.33,8/18/2025
24,pass024,User024,California,9250.51,Entertainment,1268.8,8/19/2025
24,pass024,User024,California,9250.51,Transport,1182.32,8/22/2025
24,pass024,User024,California,9250.51,Utilities,648.59,8/26/2025
24,pass024,User024,California,9250.51,Food,1196.36,8/29/2025
24,pass024,User024,California,9250.51,Food,940.97,9/3/2025
24,pass024,User024,California,9250.51,Housing,713.7,9/4/2025
24,pass024,User024,California,9250.51,Utilities,1053.78,9/8/2025
24,pass024,User024,California,9250.51,Healthcare,223.51,9/11/2025
24,pass024,User024,California,9250.51,Transport,310.86,9/15/2025
24,pass024,User024,California,9250.51,Healthcare,544.33,9/18/2025
24,pass024,User024,California,9250.51,Healthcare,442.54,9/20/2025
24,pass024,User024,California,9250.51,Utilities,1259.3,9/25/2025
25,pass025,User025,Georgia,7013.8,Utilities,1920.69,7/5/2025
25,pass025,User025,Georgia,7013.8,Housing,792.41,7/10/2025
25,pass025,User025,Georgia,7013.8,Food,1502.91,7/12/2025
25,pass025,User025,Georgia,7013.8,Utilities,1186.03,7/15/2025
25,pass025,User025,Georgia,7013.8,Utilities,643.25,7/19/2025
25,pass025,User025,Georgia,7013.8,Food,579.46,7/23/2025
25,pass025,User025,Georgia,7013.8,Food,23.64,7/24/2025
25,pass025,User025,Georgia,7013.8,Transport,550.78,7/28/2025
25,pass025,User025,Georgia,7013.8,Entertainment,1176.26,7/30/2025
25,pass025,User025,Georgia,7013.8,Housing,419.47,8/5/2025
25,pass025,User025,Georgia,7013.8,Transport,804.52,8/7/2025
25,pass025,User025,Georgia,7013.8,Entertainment,1187.1,8/10/2025
25,pass025,User025,Georgia,7013.8,Healthcare,495.8,8/13/2025
25,pass025,User025,Georgia,7013.8,Utilities,1840.29,8/18/2025
25,pass025,User025,Georgia,7013.8,Entertainment,853.28,8/21/2025
25,pass025,User025,Georgia,7013.8,Food,478.65,8/23/2025
25,pass025,User025,Georgia,7013.8,Transport,475.7,8/27/2025
25,pass025,User025,Georgia,7013.8,Healthcare,1585.32,8/29/2025
25,pass025,User025,Georgia,7013.8,Utilities,988.84,9/1/2025
25,pass025,User025,Georgia,7013.8,Food,1739.48,9/6/2025
25,pass025,User025,Georgia,7013.8,Healthcare,1795.33,9/9/2025
25,pass025,User025,Georgia,7013.8,Entertainment,1065.16,9/11/2025
25,pass025,User025,Georgia,7013.8,Food,668.89,9/14/2025
25,pass025,User025,Georgia,7013.8,Transport,397.78,9/18/2025
25,pass025,User025,Georgia,7013.8,Housing,1175.49,9/22/2025
25,pass025,User025,Georgia,7013.8,Transport,209.69,9/25/2025
26,pass026,User026,Georgia,9144.58,Transport,1261.65,7/5/2025
26,pass026,User026,Georgia,9144.58,Utilities,258.51,7/8/2025
26,pass026,User026,Georgia,9144.58,Healthcare,1307.76,7/12/2025
26,pass026,User026,Georgia,9144.58,Housing,1972.93,7/14/2025
26,pass026,User026,Georgia,9144.58,Entertainment,702.12,7/17/2025
26,pass026,User026,Georgia,9144.58,Healthcare,57.49,7/23/2025
26,pass026,User026,Georgia,9144.58,Entertainment,80.24,7/25/2025
26,pass026,User026,Georgia,9144.58,Utilities,1903.33,7/27/2025
26,pass026,User026,Georgia,9144.58,Utilities,410.81,8/1/2025
26,pass026,User026,Georgia,9144.58,Healthcare,1499.65,8/3/2025
26,pass026,User026,Georgia,9144.58,Utilities,1467.32,8/8/2025
26,pass026,User026,Georgia,9144.58,Transport,573.97,8/9/2025
26,pass026,User026,Georgia,9144.58,Food,921.47,8/12/2025
26,pass026,User026,Georgia,9144.58,Food,77.03,8/18/2025
26,pass026,User026,Georgia,9144.58,Housing,1247,8/19/2025
26,pass026,User026,Georgia,9144.58,Housing,1683.96,8/22/2025
26,pass026,User026,Georgia,9144.58,Healthcare,149.45,8/26/2025
26,pass026,User026,Georgia,9144.58,Utilities,1961.13,8/28/2025
26,pass026,User026,Georgia,9144.58,Utilities,1740.07,9/3/2025
26,pass026,User026,Georgia,9144.58,Transport,1335.06,9/6/2025
26,pass026,User026,Georgia,9144.58,Healthcare,1283.75,9/7/2025
26,pass026,User026,Georgia,9144.58,Housing,1947.22,9/11/2025
26,pass026,User026,Georgia,9144.58,Housing,329,9/14/2025
26,pass026,User026,Georgia,9144.58,Entertainment,357.09,9/19/2025
26,pass026,User026,Georgia,9144.58,Utilities,797.4,9/20/2025
26,pass026,User026,Georgia,9144.58,Healthcare,1578.05,9/24/2025
27,pass027,User027,California,1053.17,Utilities,1107.57,7/7/2025
27,pass027,User027,California,1053.17,Utilities,1839.1,7/8/2025
27,pass027,User027,California,1053.17,Utilities,667.23,7/11/2025
27,pass027,User027,California,1053.17,Healthcare,444.08,7/15/2025
27,pass027,User027,California,1053.17,Healthcare,1675.86,7/18/2025
27,pass027,User027,California,1053.17,Food,1947.4,7/23/2025
27,pass027,User027,California,1053.17,Transport,182.19,7/25/2025
27,pass027,User027,California,1053.17,Healthcare,218.04,7/28/2025
27,pass027,User027,California,1053.17,Food,1840.36,8/1/2025
27,pass027,User027,California,1053.17,Food,1021.86,8/3/2025
27,pass027,User027,California,1053.17,Utilities,1947.27,8/8/2025
27,pass027,User027,California,1053.17,Healthcare,1769.12,8/10/2025
27,pass027,User027,California,1053.17,Food,586.14,8/13/2025
27,pass027,User027,California,1053.17,Transport,1246.74,8/17/2025
27,pass027,User027,California,1053.17,Food,1311.9,8/20/2025
27,pass027,User027,California,1053.17,Transport,1748.97,8/22/2025
27,pass027,User027,California,1053.17,Healthcare,1568.37,8/26/2025
27,pass027,User027,California,1053.17,Transport,1470.75,8/28/2025
27,pass027,User027,California,1053.17,Utilities,281.94,9/2/2025
27,pass027,User027,California,1053.17,Utilities,1741.18,9/4/2025
27,pass027,User027,California,1053.17,Transport,858.64,9/7/2025
27,pass027,User027,California,1053.17,Healthcare,640.84,9/10/2025
27,pass027,User027,California,1053.17,Transport,1636.31,9/14/2025
27,pass027,User027,California,1053.17,Transport,91.55,9/17/2025
27,pass027,User027,California,1053.17,Utilities,1715.14,9/21/2025
27,pass027,User027,California,1053.17,Food,996.68,9/24/2025
28,pass028,User028,California,4458.14,Food,1572.98,7/6/2025
28,pass028,User028,California,4458.14,Healthcare,328.98,7/8/2025
28,pass028,User028,California,4458.14,Transport,1453.85,7/11/2025
28,pass028,User028,California,4458.14,Food,1822.15,7/15/2025
28,pass028,User028,California,4458.14,Entertainment,1238.96,7/19/2025
28,pass028,User028,California,4458.14,Food,1641.77,7/21/2025
28,pass028,User028,California,4458.14,Transport,494.85,7/25/2025
28,pass028,User028,California,4458.14,Food,1438.83,7/29/2025
28,pass028,User028,California,4458.14,Food,1347.81,8/1/2025
28,pass028,User028,California,4458.14,Transport,425.58,8/4/2025
28,pass028,User028,California,4458.14,Entertainment,1053.7,8/6/2025
28,pass028,User028,California,4458.14,Entertainment,1122.13,8/9/2025
28,pass028,User028,California,4458.14,Healthcare,361.97,8/13/2025
28,pass028,User028,California,4458.14,Housing,529.09,8/16/2025
28,pass028,User028,California,4458.14,Entertainment,1184.13,8/19/2025
28,pass028,User028,California,4458.14,Entertainment,279.6,8/22/2025
28,pass028,User028,California,4458.14,Entertainment,1346.33,8/26/2025
28,pass028,User028,California,4458.14,Healthcare,240.72,8/29/2025
28,pass028,User028,California,4458.14,Housing,389.78,9/1/2025
28,pass028,User028,California,4458.14,Healthcare,137.76,9/4/2025
28,pass028,User028,California,4458.14,Entertainment,348.64,9/8/2025
28,pass028,User028,California,4458.14,Transport,1073.73,9/11/2025
28,pass028,User028,California,4458.14,Housing,1805.47,9/16/2025
28,pass028,User028,California,4458.14,Housing,408.16,9/18/2025
28,pass028,User028,California,4458.14,Entertainment,1222.49,9/22/2025
28,pass028,User028,California,4458.14,Utilities,1499.49,9/23/2025
29,pass029,User029,New York,1004.64,Healthcare,1511.58,7/5/2025
29,pass029,User029,New York,1004.64,Housing,1402.91,7/9/2025
29,pass029,User029,New York,1004.64,Healthcare,997.77,7/12/2025
29,pass029,User029,New York,1004.64,Utilities,1895.83,7/15/2025
29,pass029,User029,New York,1004.64,Healthcare,1689.93,7/19/2025
29,pass029,User029,New York,1004.64,Housing,187.99,7/23/2025
29,pass029,User029,New York,1004.64,Healthcare,1994.38,7/25/2025
29,pass029,User029,New York,1004.64,Entertainment,1429.94,7/27/2025
29,pass029,User029,New York,1004.64,Transport,1472.87,7/31/2025
29,pass029,User029,New York,1004.64,Utilities,1434.08,8/4/2025
29,pass029,User029,New York,1004.64,Utilities,376.07,8/7/2025
29,pass029,User029,New York,1004.64,Housing,765.91,8/11/2025
29,pass029,User029,New York,1004.64,Utilities,752.44,8/14/2025
29,pass029,User029,New York,1004.64,Utilities,1988.75,8/17/2025
29,pass029,User029,New York,1004.64,Healthcare,381.29,8/21/2025
29,pass029,User029,New York,1004.64,Healthcare,951.64,8/24/2025
29,pass029,User029,New York,1004.64,Food,396.25,8/26/2025
29,pass029,User029,New York,1004.64,Entertainment,1347.15,8/29/2025
29,pass029,User029,New York,1004.64,Food,1715.27,9/1/2025
29,pass029,User029,New York,1004.64,Healthcare,198.82,9/4/2025
29,pass029,User029,New York,1004.64,Healthcare,1830.44,9/8/2025
29,pass029,User029,New York,1004.64,Entertainment,1117.45,9/11/2025
29,pass029,User029,New York,1004.64,Utilities,143.06,9/16/2025
29,pass029,User029,New York,1004.64,Housing,379.06,9/17/2025
29,pass029,User029,New York,1004.64,Entertainment,1193.48,9/20/2025
29,pass029,User029,New York,1004.64,Utilities,162.68,9/23/2025
30,pass030,User030,New York,9379.58,Housing,643.44,7/5/2025
30,pass030,User030,New York,9379.58,Healthcare,1103,7/8/2025
30,pass030,User030,New York,9379.58,Housing,1712.66,7/13/2025
30,pass030,User030,New York,9379.58,Housing,649.49,7/15/2025
30,pass030,User030,New York,9379.58,Entertainment,769.3,7/17/2025
30,pass030,User030,New York,9379.58,Entertainment,1340.53,7/23/2025
30,pass030,User030,New York,9379.58,Housing,426.14,7/25/2025
30,pass030,User030,New York,9379.58,Healthcare,171.32,7/29/2025
30,pass030,User030,New York,9379.58,Housing,1030.12,8/1/2025
30,pass030,User030,New York,9379.58,Transport,764.36,8/4/2025
30,pass030,User030,New York,9379.58,Entertainment,1961.15,8/8/2025
30,pass030,User030,New York,9379.58,Healthcare,1965.56,8/9/2025
30,pass030,User030,New York,9379.58,Healthcare,1114.96,8/12/2025
30,pass030,User030,New York,9379.58,Transport,306.19,8/16/2025
30,pass030,User030,New York,9379.58,Healthcare,717.51,8/19/2025
30,pass030,User030,New York,9379.58,Healthcare,915.34,8/24/2025
30,pass030,User030,New York,9379.58,Transport,245.29,8/27/2025
30,pass030,User030,New York,9379.58,Utilities,592.26,8/28/2025
30,pass030,User030,New York,9379.58,Housing,1517.82,9/2/2025
30,pass030,User030,New York,9379.58,Housing,1854.39,9/4/2025
30,pass030,User030,New York,9379.58,Housing,1558.08,9/7/2025
30,pass030,User030,New York,9379.58,Utilities,340.2,9/10/2025
30,pass030,User030,New York,9379.58,Transport,840.25,9/16/2025
30,pass030,User030,New York,9379.58,Food,1831.96,9/19/2025
30,pass030,User030,New York,9379.58,Entertainment,1593.83,9/20/2025
30,pass030,User030,New York,9379.58,Utilities,424.62,9/25/2025
31,pass031,User031,California,2487,Entertainment,491.15,7/5/2025
31,pass031,User031,California,2487,Utilities,839.61,7/8/2025
31,pass031,User031,California,2487,Food,25.79,7/12/2025
31,pass031,User031,California,2487,Entertainment,1930.86,7/16/2025
31,pass031,User031,California,2487,Entertainment,990.97,7/18/2025
31,pass031,User031,California,2487,Transport,1372.18,7/21/2025
31,pass031,User031,California,2487,Healthcare,256.26,7/25/2025
31,pass031,User031,California,2487,Healthcare,524.87,7/27/2025
31,pass031,User031,California,2487,Healthcare,718.06,7/31/2025
31,pass031,User031,California,2487,Food,1810.95,8/4/2025
31,pass031,User031,California,2487,Housing,663.77,8/8/2025
31,pass031,User031,California,2487,Transport,236.78,8/11/2025
31,pass031,User031,California,2487,Entertainment,820.96,8/13/2025
31,pass031,User031,California,2487,Transport,451.85,8/17/2025
31,pass031,User031,California,2487,Utilities,546.73,8/19/2025
31,pass031,User031,California,2487,Housing,98.56,8/24/2025
31,pass031,User031,California,2487,Healthcare,1856.81,8/25/2025
31,pass031,User031,California,2487,Entertainment,1390.4,8/28/2025
31,pass031,User031,California,2487,Utilities,1792.76,9/2/2025
31,pass031,User031,California,2487,Food,1360.46,9/6/2025
31,pass031,User031,California,2487,Food,1303.44,9/7/2025
31,pass031,User031,California,2487,Transport,121.57,9/10/2025
31,pass031,User031,California,2487,Healthcare,1228.03,9/16/2025
31,pass031,User031,California,2487,Housing,1379.31,9/18/2025
31,pass031,User031,California,2487,Transport,1573.06,9/20/2025
31,pass031,User031,California,2487,Housing,650.75,9/23/2025
32,pass032,User032,Georgia,2390.67,Utilities,1086.89,7/6/2025
32,pass032,User032,Georgia,2390.67,Entertainment,1625.02,7/9/2025
32,pass032,User032,Georgia,2390.67,Food,1742.58,7/11/2025
32,pass032,User032,Georgia,2390.67,Healthcare,1061.9,7/14/2025
32,pass032,User032,Georgia,2390.67,Healthcare,1341.29,7/19/2025
32,pass032,User032,Georgia,2390.67,Transport,119.5,7/21/2025
32,pass032,User032,Georgia,2390.67,Transport,1801.64,7/26/2025
32,pass032,User032,Georgia,2390.67,Healthcare,1777.6,7/27/2025
32,pass032,User032,Georgia,2390.67,Utilities,1944.91,7/31/2025
32,pass032,User032,Georgia,2390.67,Housing,1458.59,8/3/2025
32,pass032,User032,Georgia,2390.67,Utilities,1623.96,8/7/2025
32,pass032,User032,Georgia,2390.67,Entertainment,337.85,8/11/2025
32,pass032,User032,Georgia,2390.67,Transport,1643.38,8/12/2025
32,pass032,User032,Georgia,2390.67,Housing,1547.82,8/17/2025
32,pass032,User032,Georgia,2390.67,Food,1570.27,8/19/2025
32,pass032,User032,Georgia,2390.67,Utilities,1628.42,8/22/2025
32,pass032,User032,Georgia,2390.67,Entertainment,930.93,8/27/2025
32,pass032,User032,Georgia,2390.67,Healthcare,1185.97,8/28/2025
32,pass032,User032,Georgia,2390.67,Housing,266.58,9/3/2025
32,pass032,User032,Georgia,2390.67,Entertainment,1697.25,9/5/2025
32,pass032,User032,Georgia,2390.67,Healthcare,1632.42,9/8/2025
32,pass032,User032,Georgia,2390.67,Food,1234.71,9/10/2025
32,pass032,User032,Georgia,2390.67,Healthcare,104.15,9/14/2025
32,pass032,User032,Georgia,2390.67,Transport,467.51,9/19/2025
32,pass032,User032,Georgia,2390.67,Entertainment,53.15,9/20/2025
32,pass032,User032,Georgia,2390.67,Transport,735.22,9/24/2025
33,pass033,User033,Georgia,1342.71,Food,1683.09,7/6/2025
33,pass033,User033,Georgia,1342.71,Food,1492.64,7/8/2025
33,pass033,User033,Georgia,1342.71,Transport,450.86,7/11/2025
33,pass033,User033,Georgia,1342.71,Housing,1076.19,7/14/2025
33,pass033,User033,Georgia,1342.71,Healthcare,1645.45,7/17/2025
33,pass033,User033,Georgia,1342.71,Food,584.33,7/23/2025
33,pass033,User033,Georgia,1342.71,Utilities,966.81,7/24/2025
33,pass033,User033,Georgia,1342.71,Housing,1524.83,7/28/2025
33,pass033,User033,Georgia,1342.71,Food,1660.26,8/1/2025
33,pass033,User033,Georgia,1342.71,Transport,1311,8/5/2025
33,pass033,User033,Georgia,1342.71,Utilities,916.22,8/7/2025
33,pass033,User033,Georgia,1342.71,Utilities,921.77,8/10/2025
33,pass033,User033,Georgia,1342.71,Healthcare,1687.89,8/13/2025
33,pass033,User033,Georgia,1342.71,Housing,579.56,8/16/2025
33,pass033,User033,Georgia,1342.71,Utilities,1153.73,8/19/2025
33,pass033,User033,Georgia,1342.71,Entertainment,148.16,8/22/2025
33,pass033,User033,Georgia,1342.71,Utilities,682.23,8/26/2025
33,pass033,User033,Georgia,1342.71,Housing,283.32,8/30/2025
33,pass033,User033,Georgia,1342.71,Housing,898.14,9/3/2025
33,pass033,User033,Georgia,1342.71,Food,647.19,9/6/2025
33,pass033,User033,Georgia,1342.71,Housing,1163.16,9/8/2025
33,pass033,User033,Georgia,1342.71,Healthcare,932.56,9/11/2025
33,pass033,User033,Georgia,1342.71,Food,394.9,9/16/2025
33,pass033,User033,Georgia,1342.71,Housing,1601.53,9/18/2025
33,pass033,User033,Georgia,1342.71,Healthcare,716.35,9/21/2025
33,pass033,User033,Georgia,1342.71,Housing,1453.16,9/25/2025
34,pass034,User034,New York,5902.1,Entertainment,1340.33,7/5/2025
34,pass034,User034,New York,5902.1,Food,1195.95,7/9/2025
34,pass034,User034,New York,5902.1,Entertainment,998.09,7/11/2025
34,pass034,User034,New York,5902.1,Housing,767.93,7/15/2025
34,pass034,User034,New York,5902.1,Housing,1909.74,7/18/2025
34,pass034,User034,New York,5902.1,Food,774.86,7/22/2025
34,pass034,User034,New York,5902.1,Healthcare,672.64,7/25/2025
34,pass034,User034,New York,5902.1,Housing,1972.53,7/27/2025
34,pass034,User034,New York,5902.1,Transport,164.7,7/30/2025
34,pass034,User034,New York,5902.1,Utilities,1443.17,8/4/2025
34,pass034,User034,New York,5902.1,Entertainment,341.37,8/6/2025
34,pass034,User034,New York,5902.1,Entertainment,327.69,8/10/2025
34,pass034,User034,New York,5902.1,Housing,1651.41,8/13/2025
34,pass034,User034,New York,5902.1,Healthcare,102.36,8/17/2025
34,pass034,User034,New York,5902.1,Food,1440.04,8/19/2025
34,pass034,User034,New York,5902.1,Utilities,329.64,8/23/2025
34,pass034,User034,New York,5902.1,Healthcare,1923.96,8/26/2025
34,pass034,User034,New York,5902.1,Utilities,1919.51,8/30/2025
34,pass034,User034,New York,5902.1,Utilities,875.39,9/2/2025
34,pass034,User034,New York,5902.1,Healthcare,57.35,9/4/2025
34,pass034,User034,New York,5902.1,Utilities,1975.11,9/7/2025
34,pass034,User034,New York,5902.1,Transport,67.58,9/11/2025
34,pass034,User034,New York,5902.1,Food,594.86,9/15/2025
34,pass034,User034,New York,5902.1,Entertainment,1721.83,9/19/2025
34,pass034,User034,New York,5902.1,Housing,360.26,9/21/2025
34,pass034,User034,New York,5902.1,Healthcare,38.9,9/23/2025
35,pass035,User035,Florida,4296.99,Entertainment,352.92,7/6/2025
35,pass035,User035,Florida,4296.99,Entertainment,1199.7,7/8/2025
35,pass035,User035,Florida,4296.99,Entertainment,259.61,7/11/2025
35,pass035,User035,Florida,4296.99,Entertainment,999.76,7/14/2025
35,pass035,User035,Florida,4296.99,Transport,1784.59,7/18/2025
35,pass035,User035,Florida,4296.99,Housing,1491.27,7/21/2025
35,pass035,User035,Florida,4296.99,Entertainment,1772.22,7/24/2025
35,pass035,User035,Florida,4296.99,Food,984.13,7/28/2025
35,pass035,User035,Florida,4296.99,Utilities,589.62,7/30/2025
35,pass035,User035,Florida,4296.99,Housing,157.05,8/4/2025
35,pass035,User035,Florida,4296.99,Entertainment,234.59,8/7/2025
35,pass035,User035,Florida,4296.99,Healthcare,872.7,8/11/2025
35,pass035,User035,Florida,4296.99,Entertainment,1332.94,8/13/2025
35,pass035,User035,Florida,4296.99,Transport,1155.79,8/18/2025
35,pass035,User035,Florida,4296.99,Housing,523.42,8/21/2025
35,pass035,User035,Florida,4296.99,Transport,314.74,8/24/2025
35,pass035,User035,Florida,4296.99,Housing,1243.97,8/27/2025
35,pass035,User035,Florida,4296.99,Entertainment,902.93,8/28/2025
35,pass035,User035,Florida,4296.99,Housing,75.61,9/1/2025
35,pass035,User035,Florida,4296.99,Housing,1654.76,9/5/2025
35,pass035,User035,Florida,4296.99,Housing,1433.83,9/9/2025
35,pass035,User035,Florida,4296.99,Utilities,342.01,9/11/2025
35,pass035,User035,Florida,4296.99,Entertainment,1732.28,9/16/2025
35,pass035,User035,Florida,4296.99,Housing,843.43,9/18/2025
35,pass035,User035,Florida,4296.99,Healthcare,219.82,9/22/2025
35,pass035,User035,Florida,4296.99,Housing,621.25,9/24/2025
36,pass036,User036,Georgia,8762.66,Food,358.13,7/7/2025
36,pass036,User036,Georgia,8762.66,Utilities,1193.42,7/10/2025
36,pass036,User036,Georgia,8762.66,Transport,424.77,7/13/2025
36,pass036,User036,Georgia,8762.66,Food,376.57,7/14/2025
36,pass036,User036,Georgia,8762.66,Healthcare,144.84,7/18/2025
36,pass036,User036,Georgia,8762.66,Transport,817.62,7/21/2025
36,pass036,User036,Georgia,8762.66,Healthcare,1727.53,7/26/2025
36,pass036,User036,Georgia,8762.66,Utilities,100.01,7/28/2025
36,pass036,User036,Georgia,8762.66,Healthcare,565.87,8/1/2025
36,pass036,User036,Georgia,8762.66,Utilities,1909.54,8/4/2025
36,pass036,User036,Georgia,8762.66,Food,690.32,8/7/2025
36,pass036,User036,Georgia,8762.66,Housing,137.73,8/9/2025
36,pass036,User036,Georgia,8762.66,Utilities,764.22,8/13/2025
36,pass036,User036,Georgia,8762.66,Transport,1486.19,8/16/2025
36,pass036,User036,Georgia,8762.66,Transport,1987.35,8/21/2025
36,pass036,User036,Georgia,8762.66,Utilities,1811.71,8/23/2025
36,pass036,User036,Georgia,8762.66,Healthcare,1760.25,8/26/2025
36,pass036,User036,Georgia,8762.66,Entertainment,278.92,8/28/2025
36,pass036,User036,Georgia,8762.66,Housing,1610.16,9/2/2025
36,pass036,User036,Georgia,8762.66,Housing,720.05,9/4/2025
36,pass036,User036,Georgia,8762.66,Entertainment,1404.93,9/8/2025
36,pass036,User036,Georgia,8762.66,Housing,474.57,9/11/2025
36,pass036,User036,Georgia,8762.66,Utilities,1280.91,9/14/2025
36,pass036,User036,Georgia,8762.66,Transport,1515.76,9/18/2025
36,pass036,User036,Georgia,8762.66,Transport,528.26,9/21/2025
36,pass036,User036,Georgia,8762.66,Healthcare,1823.14,9/24/2025
37,pass037,User037,Florida,3308.63,Healthcare,782.28,7/7/2025
37,pass037,User037,Florida,3308.63,Housing,868.77,7/8/2025
37,pass037,User037,Florida,3308.63,Healthcare,1131.93,7/13/2025
37,pass037,User037,Florida,3308.63,Transport,1539.74,7/15/2025
37,pass037,User037,Florida,3308.63,Food,92.98,7/18/2025
37,pass037,User037,Florida,3308.63,Food,1147.11,7/21/2025
37,pass037,User037,Florida,3308.63,Transport,1732.94,7/24/2025
37,pass037,User037,Florida,3308.63,Healthcare,1956.75,7/27/2025
37,pass037,User037,Florida,3308.63,Healthcare,1306.53,7/30/2025
37,pass037,User037,Florida,3308.63,Transport,764.56,8/4/2025
37,pass037,User037,Florida,3308.63,Housing,636.78,8/6/2025
37,pass037,User037,Florida,3308.63,Food,531.62,8/9/2025
37,pass037,User037,Florida,3308.63,Transport,1376.03,8/12/2025
37,pass037,User037,Florida,3308.63,Healthcare,1813.5,8/18/2025
37,pass037,User037,Florida,3308.63,Entertainment,1677.34,8/20/2025
37,pass037,User037,Florida,3308.63,Transport,1670,8/22/2025
37,pass037,User037,Florida,3308.63,Entertainment,212.86,8/27/2025
37,pass037,User037,Florida,3308.63,Housing,1764.47,8/28/2025
37,pass037,User037,Florida,3308.63,Healthcare,449.16,9/1/2025
37,pass037,User037,Florida,3308.63,Healthcare,818.3,9/6/2025
37,pass037,User037,Florida,3308.63,Food,1034.09,9/9/2025
37,pass037,User037,Florida,3308.63,Food,734.47,9/10/2025
37,pass037,User037,Florida,3308.63,Utilities,1181.55,9/15/2025
37,pass037,User037,Florida,3308.63,Transport,491.7,9/19/2025
37,pass037,User037,Florida,3308.63,Housing,1118.12,9/21/2025
37,pass037,User037,Florida,3308.63,Food,475.07,9/23/2025
38,pass038,User038,New York,2242,Transport,329.47,7/7/2025
38,pass038,User038,New York,2242,Food,966.38,7/8/2025
38,pass038,User038,New York,2242,Utilities,1706.42,7/11/2025
38,pass038,User038,New York,2242,Housing,677.44,7/16/2025
38,pass038,User038,New York,2242,Healthcare,186.97,7/18/2025
38,pass038,User038,New York,2242,Healthcare,1024.56,7/23/2025
38,pass038,User038,New York,2242,Food,925.04,7/26/2025
38,pass038,User038,New York,2242,Healthcare,973.9,7/29/2025
38,pass038,User038,New York,2242,Entertainment,1913.08,7/30/2025
38,pass038,User038,New York,2242,Healthcare,1865.32,8/5/2025
38,pass038,User038,New York,2242,Utilities,1227.33,8/6/2025
38,pass038,User038,New York,2242,Entertainment,1348.05,8/9/2025
38,pass038,User038,New York,2242,Food,1120.66,8/13/2025
38,pass038,User038,New York,2242,Housing,86.72,8/16/2025
38,pass038,User038,New York,2242,Food,828.62,8/20/2025
38,pass038,User038,New York,2242,Healthcare,632,8/22/2025
38,pass038,User038,New York,2242,Entertainment,202.76,8/25/2025
38,pass038,User038,New York,2242,Transport,656.25,8/30/2025
38,pass038,User038,New York,2242,Transport,1051.64,9/1/2025
38,pass038,User038,New York,2242,Entertainment,200.14,9/6/2025
38,pass038,User038,New York,2242,Entertainment,1487.15,9/7/2025
38,pass038,User038,New York,2242,Utilities,826.98,9/10/2025
38,pass038,User038,New York,2242,Healthcare,721.33,9/15/2025
38,pass038,User038,New York,2242,Housing,1040.36,9/17/2025
38,pass038,User038,New York,2242,Utilities,1780.15,9/20/2025
38,pass038,User038,New York,2242,Healthcare,215.3,9/24/2025
39,pass039,User039,California,5519.7,Entertainment,1632.47,7/5/2025
39,pass039,User039,California,5519.7,Food,316.03,7/10/2025
39,pass039,User039,California,5519.7,Housing,1736.55,7/12/2025
39,pass039,User039,California,5519.7,Transport,280.67,7/15/2025
39,pass039,User039,California,5519.7,Utilities,1546.65,7/18/2025
39,pass039,User039,California,5519.7,Food,202.03,7/21/2025
39,pass039,User039,California,5519.7,Food,1677.75,7/24/2025
39,pass039,User039,California,5519.7,Entertainment,146.47,7/27/2025
39,pass039,User039,California,5519.7,Transport,1427.08,7/31/2025
39,pass039,User039,California,5519.7,Transport,1066.54,8/3/2025
39,pass039,User039,California,5519.7,Food,303.57,8/7/2025
39,pass039,User039,California,5519.7,Healthcare,1563.36,8/11/2025
39,pass039,User039,California,5519.7,Transport,115.42,8/13/2025
39,pass039,User039,California,5519.7,Utilities,1495.08,8/18/2025
39,pass039,User039,California,5519.7,Transport,158.01,8/21/2025
39,pass039,User039,California,5519.7,Food,1134.26,8/23/2025
39,pass039,User039,California,5519.7,Healthcare,1807.1,8/26/2025
39,pass039,User039,California,5519.7,Food,721.48,8/29/2025
39,pass039,User039,California,5519.7,Housing,1209.19,9/1/2025
39,pass039,User039,California,5519.7,Transport,477.24,9/4/2025
39,pass039,User039,California,5519.7,Healthcare,1717.7,9/9/2025
39,pass039,User039,California,5519.7,Food,1610.27,9/11/2025
39,pass039,User039,California,5519.7,Utilities,589.1,9/16/2025
39,pass039,User039,California,5519.7,Healthcare,1284.11,9/17/2025
39,pass039,User039,California,5519.7,Entertainment,1273.6,9/20/2025
39,pass039,User039,California,5519.7,Entertainment,308.78,9/23/2025
40,pass040,User040,Florida,7227.26,Transport,900.23,7/5/2025
40,pass040,User040,Florida,7227.26,Transport,216.71,7/8/2025
40,pass040,User040,Florida,7227.26,Housing,1576.27,7/13/2025
40,pass040,User040,Florida,7227.26,Healthcare,801.27,7/14/2025
40,pass040,User040,Florida,7227.26,Utilities,1503.82,7/19/2025
40,pass040,User040,Florida,7227.26,Housing,317.66,7/23/2025
40,pass040,User040,Florida,7227.26,Food,1862.53,7/24/2025
40,pass040,User040,Florida,7227.26,Healthcare,208.9,7/28/2025
40,pass040,User040,Florida,7227.26,Housing,1011.68,7/30/2025
40,pass040,User040,Florida,7227.26,Healthcare,658.72,8/3/2025
40,pass040,User040,Florida,7227.26,Transport,44.56,8/8/2025
40,pass040,User040,Florida,7227.26,Housing,351.47,8/10/2025
40,pass040,User040,Florida,7227.26,Food,1534.03,8/14/2025
40,pass040,User040,Florida,7227.26,Utilities,1463.52,8/18/2025
40,pass040,User040,Florida,7227.26,Utilities,621.21,8/20/2025
40,pass040,User040,Florida,7227.26,Transport,245.3,8/23/2025
40,pass040,User040,Florida,7227.26,Transport,778.7,8/26/2025
40,pass040,User040,Florida,7227.26,Food,807.36,8/29/2025
40,pass040,User040,Florida,7227.26,Housing,967.86,9/3/2025
40,pass040,User040,Florida,7227.26,Entertainment,525.35,9/5/2025
40,pass040,User040,Florida,7227.26,Housing,408.31,9/7/2025
40,pass040,User040,Florida,7227.26,Utilities,473.7,9/10/2025
40,pass040,User040,Florida,7227.26,Healthcare,709.25,9/14/2025
40,pass040,User040,Florida,7227.26,Entertainment,970.08,9/17/2025
40,pass040,User040,Florida,7227.26,Utilities,1453.59,9/20/2025
40,pass040,User040,Florida,7227.26,Housing,1713.65,9/24/2025
41,pass041,User041,New York,6656.39,Healthcare,668.46,7/7/2025
41,pass041,User041,New York,6656.39,Food,99.77,7/8/2025
41,pass041,User041,New York,6656.39,Transport,1744.98,7/12/2025
41,pass041,User041,New York,6656.39,Transport,1256.95,7/16/2025
41,pass041,User041,New York,6656.39,Food,1611.31,7/18/2025
41,pass041,User041,New York,6656.39,Food,1879.36,7/23/2025
41,pass041,User041,New York,6656.39,Housing,1563.35,7/24/2025
41,pass041,User041,New York,6656.39,Food,150.17,7/28/2025
41,pass041,User041,New York,6656.39,Food,227.57,8/1/2025
41,pass041,User041,New York,6656.39,Utilities,1364.29,8/3/2025
41,pass041,User041,New York,6656.39,Transport,330.36,8/6/2025
41,pass041,User041,New York,6656.39,Transport,1656.19,8/10/2025
41,pass041,User041,New York,6656.39,Housing,795.23,8/14/2025
41,pass041,User041,New York,6656.39,Utilities,688.32,8/17/2025
41,pass041,User041,New York,6656.39,Utilities,416.26,8/21/2025
41,pass041,User041,New York,6656.39,Healthcare,154.75,8/23/2025
41,pass041,User041,New York,6656.39,Entertainment,84.15,8/25/2025
41,pass041,User041,New York,6656.39,Utilities,797.19,8/29/2025
41,pass041,User041,New York,6656.39,Food,699.33,9/3/2025
41,pass041,User041,New York,6656.39,Housing,1479.32,9/5/2025
41,pass041,User041,New York,6656.39,Utilities,360.12,9/7/2025
41,pass041,User041,New York,6656.39,Food,306.3,9/10/2025
41,pass041,User041,New York,6656.39,Food,123.42,9/15/2025
41,pass041,User041,New York,6656.39,Entertainment,310.73,9/17/2025
41,pass041,User041,New York,6656.39,Housing,1614.45,9/22/2025
41,pass041,User041,New York,6656.39,Entertainment,118.81,9/24/2025
42,pass042,User042,New York,4750.54,Transport,1681.22,7/6/2025
42,pass042,User042,New York,4750.54,Utilities,1215.83,7/9/2025
42,pass042,User042,New York,4750.54,Entertainment,1116.42,7/13/2025
42,pass042,User042,New York,4750.54,Transport,1596.1,7/14/2025
42,pass042,User042,New York,4750.54,Transport,1862.67,7/17/2025
42,pass042,User042,New York,4750.54,Healthcare,1110.96,7/21/2025
42,pass042,User042,New York,4750.54,Food,907.61,7/24/2025
42,pass042,User042,New York,4750.54,Utilities,20.18,7/28/2025
42,pass042,User042,New York,4750.54,Transport,422.56,8/1/2025
42,pass042,User042,New York,4750.54,Healthcare,95.49,8/5/2025
42,pass042,User042,New York,4750.54,Entertainment,1684.66,8/7/2025
42,pass042,User042,New York,4750.54,Entertainment,1231.29,8/11/2025
42,pass042,User042,New York,4750.54,Food,1001.45,8/12/2025
42,pass042,User042,New York,4750.54,Utilities,1097.09,8/18/2025
42,pass042,User042,New York,4750.54,Housing,1917.24,8/21/2025
42,pass042,User042,New York,4750.54,Transport,851.31,8/22/2025
42,pass042,User042,New York,4750.54,Entertainment,1323.42,8/25/2025
42,pass042,User042,New York,4750.54,Entertainment,1823.26,8/29/2025
42,pass042,User042,New York,4750.54,Transport,296.48,9/1/2025
42,pass042,User042,New York,4750.54,Utilities,646.72,9/4/2025
42,pass042,User042,New York,4750.54,Healthcare,261.41,9/8/2025
42,pass042,User042,New York,4750.54,Entertainment,1462.43,9/11/2025
42,pass042,User042,New York,4750.54,Transport,99.9,9/16/2025
42,pass042,User042,New York,4750.54,Entertainment,374.9,9/17/2025
42,pass042,User042,New York,4750.54,Healthcare,197.03,9/20/2025
42,pass042,User042,New York,4750.54,Healthcare,1069.56,9/24/2025
43,pass043,User043,California,9833.5,Housing,804.87,7/6/2025
43,pass043,User043,California,9833.5,Housing,1544.4,7/9/2025
43,pass043,User043,California,9833.5,Healthcare,1826.12,7/11/2025
43,pass043,User043,California,9833.5,Utilities,485.03,7/15/2025
43,pass043,User043,California,9833.5,Housing,682.5,7/18/2025
43,pass043,User043,California,9833.5,Transport,1606.85,7/23/2025
43,pass043,User043,California,9833.5,Transport,1945.87,7/24/2025
43,pass043,User043,California,9833.5,Housing,1568.89,7/27/2025
43,pass043,User043,California,9833.5,Entertainment,1815,7/31/2025
43,pass043,User043,California,9833.5,Housing,780.87,8/4/2025
43,pass043,User043,California,9833.5,Transport,883.32,8/7/2025
43,pass043,User043,California,9833.5,Housing,1034.1,8/9/2025
43,pass043,User043,California,9833.5,Entertainment,1232.28,8/13/2025
43,pass043,User043,California,9833.5,Housing,1502.78,8/17/2025
43,pass043,User043,California,9833.5,Housing,1438.5,8/20/2025
43,pass043,User043,California,9833.5,Transport,54.49,8/24/2025
43,pass043,User043,California,9833.5,Food,1592.76,8/26/2025
43,pass043,User043,California,9833.5,Utilities,1782.28,8/28/2025
43,pass043,User043,California,9833.5,Transport,65.64,9/3/2025
43,pass043,User043,California,9833.5,Healthcare,737.39,9/4/2025
43,pass043,User043,California,9833.5,Utilities,695.71,9/8/2025
43,pass043,User043,California,9833.5,Housing,289.72,9/11/2025
43,pass043,User043,California,9833.5,Food,1036.7,9/15/2025
43,pass043,User043,California,9833.5,Utilities,1391.31,9/17/2025
43,pass043,User043,California,9833.5,Transport,90.6,9/21/2025
43,pass043,User043,California,9833.5,Food,469.19,9/25/2025
44,pass044,User044,Georgia,1720.8,Food,501.93,7/6/2025
44,pass044,User044,Georgia,1720.8,Entertainment,1952.81,7/9/2025
44,pass044,User044,Georgia,1720.8,Utilities,368.23,7/13/2025
44,pass044,User044,Georgia,1720.8,Housing,1380.51,7/16/2025
44,pass044,User044,Georgia,1720.8,Housing,1797.56,7/17/2025
44,pass044,User044,Georgia,1720.8,Transport,1060.5,7/22/2025
44,pass044,User044,Georgia,1720.8,Food,1761.51,7/24/2025
44,pass044,User044,Georgia,1720.8,Healthcare,1930.94,7/29/2025
44,pass044,User044,Georgia,1720.8,Utilities,527.93,8/1/2025
44,pass044,User044,Georgia,1720.8,Transport,153.81,8/3/2025
44,pass044,User044,Georgia,1720.8,Transport,1656.25,8/7/2025
44,pass044,User044,Georgia,1720.8,Housing,1088.29,8/9/2025
44,pass044,User044,Georgia,1720.8,Food,1927.39,8/13/2025
44,pass044,User044,Georgia,1720.8,Healthcare,395.05,8/17/2025
44,pass044,User044,Georgia,1720.8,Housing,1347.82,8/19/2025
44,pass044,User044,Georgia,1720.8,Housing,1979.43,8/24/2025
44,pass044,User044,Georgia,1720.8,Housing,1037.29,8/26/2025
44,pass044,User044,Georgia,1720.8,Food,1924.87,8/30/2025
44,pass044,User044,Georgia,1720.8,Food,1940.3,9/3/2025
44,pass044,User044,Georgia,1720.8,Entertainment,646.61,9/4/2025
44,pass044,User044,Georgia,1720.8,Housing,810.15,9/9/2025
44,pass044,User044,Georgia,1720.8,Entertainment,521.64,9/10/2025
44,pass044,User044,Georgia,1720.8,Healthcare,900.81,9/15/2025
44,pass044,User044,Georgia,1720.8,Utilities,1505.01,9/18/2025
44,pass044,User044,Georgia,1720.8,Utilities,1533.36,9/21/2025
44,pass044,User044,Georgia,1720.8,Housing,1126.46,9/24/2025
45,pass045,User045,Florida,3890.33,Healthcare,1437.45,7/7/2025
45,pass045,User045,Florida,3890.33,Utilities,1219.05,7/9/2025
45,pass045,User045,Florida,3890.33,Transport,632.57,7/11/2025
45,pass045,User045,Florida,3890.33,Utilities,353.34,7/16/2025
45,pass045,User045,Florida,3890.33,Food,1864.33,7/19/2025
45,pass045,User045,Florida,3890.33,Transport,769.78,7/23/2025
45,pass045,User045,Florida,3890.33,Transport,178.6,7/24/2025
45,pass045,User045,Florida,3890.33,Housing,1617.28,7/27/2025
45,pass045,User045,Florida,3890.33,Housing,1311.65,8/1/2025
45,pass045,User045,Florida,3890.33,Food,1932.4,8/5/2025
45,pass045,User045,Florida,3890.33,Housing,1279.2,8/8/2025
45,pass045,User045,Florida,3890.33,Housing,789.15,8/11/2025
45,pass045,User045,Florida,3890.33,Transport,1605.32,8/13/2025
45,pass045,User045,Florida,3890.33,Entertainment,1122.64,8/18/2025
45,pass045,User045,Florida,3890.33,Transport,1383.51,8/20/2025
45,pass045,User045,Florida,3890.33,Transport,361.48,8/24/2025
45,pass045,User045,Florida,3890.33,Utilities,988.41,8/26/2025
45,pass045,User045,Florida,3890.33,Housing,924.82,8/30/2025
45,pass045,User045,Florida,3890.33,Utilities,170.37,9/3/2025
45,pass045,User045,Florida,3890.33,Transport,1995.37,9/5/2025
45,pass045,User045,Florida,3890.33,Entertainment,824.71,9/8/2025
45,pass045,User045,Florida,3890.33,Housing,520.31,9/10/2025
45,pass045,User045,Florida,3890.33,Transport,870.86,9/15/2025
45,pass045,User045,Florida,3890.33,Housing,1300.74,9/19/2025
45,pass045,User045,Florida,3890.33,Utilities,704.52,9/20/2025
45,pass045,User045,Florida,3890.33,Housing,402.54,9/24/2025
46,pass046,User046,Georgia,7793.45,Food,1463.42,7/6/2025
46,pass046,User046,Georgia,7793.45,Transport,1175.49,7/9/2025
46,pass046,User046,Georgia,7793.45,Food,662.63,7/12/2025
46,pass046,User046,Georgia,7793.45,Food,666,7/16/2025
46,pass046,User046,Georgia,7793.45,Healthcare,350.86,7/17/2025
46,pass046,User046,Georgia,7793.45,Healthcare,1137.46,7/21/2025
46,pass046,User046,Georgia,7793.45,Healthcare,1009.45,7/24/2025
46,pass046,User046,Georgia,7793.45,Healthcare,1113.85,7/29/2025
46,pass046,User046,Georgia,7793.45,Transport,1533.87,7/31/2025
46,pass046,User046,Georgia,7793.45,Transport,1776.37,8/5/2025
46,pass046,User046,Georgia,7793.45,Food,1480.76,8/6/2025
46,pass046,User046,Georgia,7793.45,Food,1733.25,8/11/2025
46,pass046,User046,Georgia,7793.45,Housing,1332.45,8/12/2025
46,pass046,User046,Georgia,7793.45,Housing,1354.42,8/18/2025
46,pass046,User046,Georgia,7793.45,Transport,490.18,8/19/2025
46,pass046,User046,Georgia,7793.45,Food,713.26,8/22/2025
46,pass046,User046,Georgia,7793.45,Healthcare,1884.06,8/27/2025
46,pass046,User046,Georgia,7793.45,Transport,1953.41,8/28/2025
46,pass046,User046,Georgia,7793.45,Housing,1153.39,9/3/2025
46,pass046,User046,Georgia,7793.45,Entertainment,761.66,9/5/2025
46,pass046,User046,Georgia,7793.45,Utilities,966.26,9/7/2025
46,pass046,User046,Georgia,7793.45,Healthcare,648.95,9/12/2025
46,pass046,User046,Georgia,7793.45,Food,1218.24,9/16/2025
46,pass046,User046,Georgia,7793.45,Healthcare,227.25,9/17/2025
46,pass046,User046,Georgia,7793.45,Utilities,1093.4,9/21/2025
46,pass046,User046,Georgia,7793.45,Food,380.25,9/23/2025
47,pass047,User047,New York,3490.24,Transport,983.23,7/7/2025
47,pass047,User047,New York,3490.24,Utilities,376.83,7/10/2025
47,pass047,User047,New York,3490.24,Transport,577.18,7/12/2025
47,pass047,User047,New York,3490.24,Entertainment,1695.35,7/14/2025
47,pass047,User047,New York,3490.24,Entertainment,1630.38,7/17/2025
47,pass047,User047,New York,3490.24,Utilities,467.61,7/23/2025
47,pass047,User047,New York,3490.24,Transport,699.79,7/25/2025
47,pass047,User047,New York,3490.24,Housing,940.09,7/28/2025
47,pass047,User047,New York,3490.24,Food,170.8,7/30/2025
47,pass047,User047,New York,3490.24,Entertainment,521.68,8/5/2025
47,pass047,User047,New York,3490.24,Entertainment,985.4,8/8/2025
47,pass047,User047,New York,3490.24,Entertainment,230.23,8/10/2025
47,pass047,User047,New York,3490.24,Utilities,618.46,8/12/2025
47,pass047,User047,New York,3490.24,Entertainment,1858.72,8/16/2025
47,pass047,User047,New York,3490.24,Transport,1953.42,8/19/2025
47,pass047,User047,New York,3490.24,Utilities,407.17,8/24/2025
47,pass047,User047,New York,3490.24,Entertainment,597.32,8/26/2025
47,pass047,User047,New York,3490.24,Food,292.15,8/30/2025
47,pass047,User047,New York,3490.24,Utilities,801.63,9/1/2025
47,pass047,User047,New York,3490.24,Healthcare,777.3,9/6/2025
47,pass047,User047,New York,3490.24,Utilities,1688.83,9/7/2025
47,pass047,User047,New York,3490.24,Utilities,1867.62,9/12/2025
47,pass047,User047,New York,3490.24,Housing,1310.65,9/14/2025
47,pass047,User047,New York,3490.24,Entertainment,391.71,9/17/2025
47,pass047,User047,New York,3490.24,Entertainment,521,9/21/2025
47,pass047,User047,New York,3490.24,Entertainment,1431.99,9/23/2025
48,pass048,User048,California,2707.69,Transport,1158.23,7/5/2025
48,pass048,User048,California,2707.69,Healthcare,287.68,7/9/2025
48,pass048,User048,California,2707.69,Housing,990.88,7/12/2025
48,pass048,User048,California,2707.69,Entertainment,638.67,7/16/2025
48,pass048,User048,California,2707.69,Utilities,283.4,7/18/2025
48,pass048,User048,California,2707.69,Transport,912.74,7/22/2025
48,pass048,User048,California,2707.69,Housing,734.29,7/24/2025
48,pass048,User048,California,2707.69,Healthcare,1121.01,7/28/2025
48,pass048,User048,California,2707.69,Healthcare,1375.54,7/30/2025
48,pass048,User048,California,2707.69,Healthcare,1137.85,8/4/2025
48,pass048,User048,California,2707.69,Utilities,1084.81,8/8/2025
48,pass048,User048,California,2707.69,Entertainment,1702.96,8/9/2025
48,pass048,User048,California,2707.69,Housing,826.06,8/13/2025
48,pass048,User048,California,2707.69,Food,413.9,8/18/2025
48,pass048,User048,California,2707.69,Entertainment,1892.6,8/20/2025
48,pass048,User048,California,2707.69,Healthcare,815.77,8/23/2025
48,pass048,User048,California,2707.69,Transport,380.7,8/26/2025
48,pass048,User048,California,2707.69,Food,1605.35,8/28/2025
48,pass048,User048,California,2707.69,Entertainment,1261.2,9/3/2025
48,pass048,User048,California,2707.69,Utilities,1992.09,9/6/2025
48,pass048,User048,California,2707.69,Utilities,1691.66,9/7/2025
48,pass048,User048,California,2707.69,Utilities,366.77,9/10/2025
48,pass048,User048,California,2707.69,Entertainment,1397.59,9/14/2025
48,pass048,User048,California,2707.69,Healthcare,197.14,9/19/2025
48,pass048,User048,California,2707.69,Food,200.25,9/21/2025
48,pass048,User048,California,2707.69,Housing,1291.17,9/24/2025
49,pass049,User049,California,3220.65,Food,1183.1,7/7/2025
49,pass049,User049,California,3220.65,Transport,63.55,7/9/2025
49,pass049,User049,California,3220.65,Housing,89.01,7/11/2025
49,pass049,User049,California,3220.65,Food,1993.17,7/15/2025
49,pass049,User049,California,3220.65,Entertainment,1084.2,7/17/2025
49,pass049,User049,California,3220.65,Healthcare,100.73,7/23/2025
49,pass049,User049,California,3220.65,Transport,1941.99,7/26/2025
49,pass049,User049,California,3220.65,Transport,1319.52,7/27/2025
49,pass049,User049,California,3220.65,Transport,770.19,7/30/2025
49,pass049,User049,California,3220.65,Healthcare,212.29,8/5/2025
49,pass049,User049,California,3220.65,Utilities,1582.27,8/8/2025
49,pass049,User049,California,3220.65,Utilities,1333.71,8/11/2025
49,pass049,User049,California,3220.65,Food,1319.71,8/14/2025
49,pass049,User049,California,3220.65,Entertainment,1528.41,8/17/2025
49,pass049,User049,California,3220.65,Transport,123.59,8/20/2025
49,pass049,User049,California,3220.65,Food,466.06,8/23/2025
49,pass049,User049,California,3220.65,Healthcare,896.15,8/27/2025
49,pass049,User049,California,3220.65,Transport,288.46,8/30/2025
49,pass049,User049,California,3220.65,Food,1391.05,9/1/2025
49,pass049,User049,California,3220.65,Housing,971.43,9/6/2025
49,pass049,User049,California,3220.65,Entertainment,1781.21,9/7/2025
49,pass049,User049,California,3220.65,Food,486.04,9/12/2025
49,pass049,User049,California,3220.65,Housing,441.81,9/14/2025
49,pass049,User049,California,3220.65,Housing,1314.54,9/19/2025
49,pass049,User049,California,3220.65,Utilities,1594.17,9/21/2025
49,pass049,User049,California,3220.65,Food,390.32,9/23/2025
50,pass050,User050,Florida,4979.17,Utilities,37.57,7/6/2025
50,pass050,User050,Florida,4979.17,Healthcare,753.52,7/9/2025
50,pass050,User050,Florida,4979.17,Transport,993.85,7/12/2025
50,pass050,User050,Florida,4979.17,Healthcare,1108,7/16/2025
50,pass050,User050,Florida,4979.17,Utilities,958.15,7/19/2025
50,pass050,User050,Florida,4979.17,Healthcare,508.69,7/22/2025
50,pass050,User050,Florida,4979.17,Healthcare,1431.55,7/25/2025
50,pass050,User050,Florida,4979.17,Housing,1216.91,7/29/2025
50,pass050,User050,Florida,4979.17,Healthcare,854.21,8/1/2025
50,pass050,User050,Florida,4979.17,Healthcare,659.26,8/3/2025
50,pass050,User050,Florida,4979.17,Transport,268.58,8/6/2025
50,pass050,User050,Florida,4979.17,Utilities,436.92,8/11/2025
50,pass050,User050,Florida,4979.17,Housing,1410.55,8/14/2025
50,pass050,User050,Florida,4979.17,Transport,1632.69,8/16/2025
50,pass050,User050,Florida,4979.17,Healthcare,659.59,8/21/2025
50,pass050,User050,Florida,4979.17,Transport,797.7,8/23/2025
50,pass050,User050,Florida,4979.17,Healthcare,959.82,8/25/2025
50,pass050,User050,Florida,4979.17,Transport,526.87,8/30/2025
50,pass050,User050,Florida,4979.17,Food,822.25,9/3/2025
50,pass050,User050,Florida,4979.17,Housing,681.2,9/6/2025
50,pass050,User050,Florida,4979.17,Transport,920.99,9/7/2025
50,pass050,User050,Florida,4979.17,Healthcare,1188.5,9/12/2025
50,pass050,User050,Florida,4979.17,Utilities,194.28,9/16/2025
50,pass050,User050,Florida,4979.17,Utilities,211.98,9/19/2025
50,pass050,User050,Florida,4979.17,Food,1899.23,9/21/2025
50,pass050,User050,Florida,4979.17,Entertainment,164.86,9/24/2025
